행정동_코드,행정동_코드_명,자치구,lat,lon,실제_소비액_분기,기대_소비액_분기,소비_격차_금액,소비_격차_비율_pct,잔차_로그,잔차_ZScore,인프라_규모_지수,상권_분류_유형,총_상주인구_수,총_직장_인구_수,총_유동인구_수,집객시설_수,지하철_역_수,아파트_평균_시가
11110515,청운효자동,종로구,37.584418720515885,126.96990686761752,2969979500.0,5119911451.0,-2149931951.0,-41.99,-0.5446,-0.707,-0.312,소비 위축 지역 (Low Activity),11328.0,5324.0,3373528.0,93.0,0.0,276146690.0
11110530,사직동,종로구,37.57388621927961,126.9703752314623,54050365000.0,34722726648.0,19327638352.0,55.66,0.4425,0.575,0.334,초과 달성 핫스팟 (Super-Hub),8992.0,45215.0,3973370.0,206.0,2.0,371237211.0
11110540,삼청동,종로구,37.58836740902573,126.98120495146988,3566912500.0,3106155649.0,460756851.0,14.83,0.1383,0.18,-1.78,균형 상권 (Balanced),2247.0,4210.0,970162.0,49.0,0.0,401044841.0
11110550,부암동,종로구,37.5969587400261,126.96354926751049,2053593000.0,1975049371.0,78543629.0,3.98,0.039,0.051,-1.143,균형 상권 (Balanced),9034.0,1509.0,873278.0,84.0,0.0,259634651.0
11110560,평창동,종로구,37.61568263364914,126.96812734517589,2681921500.0,4848374600.0,-2166453100.0,-44.68,-0.5921,-0.769,-0.253,소비 위축 지역 (Low Activity),17366.0,14903.0,912325.0,162.0,0.0,480839259.0
11110570,무악동,종로구,37.577108233656,126.95858919704752,3246369500.0,1587644146.0,1658725354.0,104.48,0.7153,0.929,-1.379,골목 로컬 핫플레이스 (Niche Hotspot),7963.0,485.0,1873664.0,42.0,1.0,660258193.0
11110580,교남동,종로구,37.57106436845543,126.96411655616336,2561283250.0,4239520286.0,-1678237036.0,-39.59,-0.5039,-0.654,-0.612,소비 위축 지역 (Low Activity),9715.0,870.0,4083436.0,78.0,0.0,235058041.0
11110600,가회동,종로구,37.582511684291084,126.98655013932952,2970786000.0,3206904195.0,-236118195.0,-7.36,-0.0765,-0.099,-1.219,균형 상권 (Balanced),3849.0,12996.0,1203425.0,63.0,0.0,284759882.0
11110615,종로1?2?3?4가동,종로구,37.575186933038246,126.98985699099724,111139049000.0,153898797310.0,-42759748310.0,-27.78,-0.3255,-0.423,1.271,소비 잠재력 상권 (High Potential),6658.0,109733.0,13854335.0,500.0,5.0,278382323.0
11110630,종로5?6가동,종로구,37.572853710116696,127.00440346808996,10939841250.0,24704693447.0,-13764852197.0,-55.72,-0.8146,-1.058,0.146,소비 잠재력 상권 (High Potential),5376.0,18962.0,5203580.0,212.0,1.0,127248788.0
11110640,이화동,종로구,37.57971933130445,127.00302270933425,9337710500.0,7177030917.0,2160679583.0,30.11,0.2632,0.342,-0.403,균형 상권 (Balanced),6891.0,1632.0,4641848.0,119.0,1.0,133464799.0
11110650,혜화동,종로구,37.58746788473727,126.99742986464302,10266359500.0,11266433476.0,-1000073976.0,-8.88,-0.093,-0.121,0.398,균형 상권 (Balanced),15833.0,4377.0,8865268.0,145.0,0.0,189567695.0
11110670,창신1동,종로구,37.5723664484761,127.01379895274418,2809009750.0,6709675179.0,-3900665429.0,-58.13,-0.8707,-1.131,-0.789,소비 위축 지역 (Low Activity),4523.0,1733.0,2828472.0,111.0,2.0,210739429.0
11110680,창신2동,종로구,37.57602485406751,127.01018840445342,1225232000.0,1419730400.0,-194498400.0,-13.7,-0.1473,-0.191,-1.446,균형 상권 (Balanced),7511.0,28.0,4668053.0,38.0,0.0,133709885.0
11110690,창신3동,종로구,37.5789527845504,127.013222802622,358820750.0,406028080.0,-47207330.0,-11.63,-0.1236,-0.16,-2.27,균형 상권 (Balanced),6338.0,77.0,884414.0,24.0,1.0,320701236.0
11110700,숭인1동,종로구,37.57718636818084,127.01689037280627,960887500.0,1280295666.0,-319408166.0,-24.95,-0.287,-0.373,-1.521,균형 상권 (Balanced),5768.0,211.0,2270714.0,43.0,0.0,271960677.0
11110710,숭인2동,종로구,37.57449185020222,127.02034243045809,2285426500.0,5134584348.0,-2849157848.0,-55.49,-0.8094,-1.051,-0.4,소비 위축 지역 (Low Activity),9499.0,1325.0,5284262.0,89.0,2.0,167074058.0
11140520,소공동,중구,37.564255512847375,126.97437453532754,2422727633500.0,49083046071.0,2373644587429.0,4835.98,3.8991,5.063,-0.239,골목 로컬 핫플레이스 (Niche Hotspot),2178.0,92258.0,2571007.0,231.0,3.0,489545455.0
11140540,회현동,중구,37.55693997950527,126.97710457297552,477807476500.0,39243983272.0,438563493228.0,1117.53,2.4994,3.245,0.161,초과 달성 핫스팟 (Super-Hub),4380.0,69985.0,4375223.0,211.0,6.0,389399554.0
11140550,명동,중구,37.56395091134355,126.98430107112212,118846198500.0,169300037270.0,-50453838770.0,-29.8,-0.3538,-0.459,0.575,소비 잠재력 상권 (High Potential),2392.0,120704.0,5674610.0,542.0,1.0,355854515.0
11140570,필동,중구,37.556869955485794,126.99377534693004,5513286250.0,13906224398.0,-8392938148.0,-60.35,-0.9252,-1.201,-0.538,소비 위축 지역 (Low Activity),4012.0,16151.0,2585833.0,123.0,2.0,248890227.0
11140580,장충동,중구,37.555563653364366,127.00216161451516,2397613000.0,2986370462.0,-588757462.0,-19.71,-0.2196,-0.285,-1.077,균형 상권 (Balanced),4549.0,4450.0,2064753.0,63.0,1.0,186105513.0
11140590,광희동,중구,37.56515922990175,127.0037691620546,10958546000.0,35343080863.0,-24384534863.0,-68.99,-1.171,-1.52,0.318,소비 잠재력 상권 (High Potential),5676.0,52971.0,6546672.0,185.0,3.0,193927273.0
11140605,을지로동,중구,37.566618853519614,126.99655901615029,152162896250.0,22132909807.0,130029986443.0,587.5,1.9279,2.503,-0.287,골목 로컬 핫플레이스 (Niche Hotspot),3208.0,17430.0,4814080.0,145.0,4.0,457909091.0
11140615,신당동,중구,37.56569008206271,127.0137071700536,5254824750.0,9396360329.0,-4141535579.0,-44.08,-0.5812,-0.755,-0.298,소비 위축 지역 (Low Activity),7385.0,4203.0,5295262.0,99.0,2.0,202648861.0
11140625,다산동,중구,37.55494168855172,127.00836345470714,3588335000.0,6599119928.0,-3010784928.0,-45.62,-0.6092,-0.791,-0.198,소비 위축 지역 (Low Activity),13221.0,5877.0,4139022.0,86.0,1.0,207881680.0
11140635,약수동,중구,37.55014822684117,127.0102867299519,2914687000.0,4721939123.0,-1807252123.0,-38.27,-0.4825,-0.626,-0.314,소비 위축 지역 (Low Activity),16086.0,13696.0,1913966.0,87.0,2.0,382587628.0
11140645,청구동,중구,37.55687815267039,127.01518815511604,1231861250.0,1200183612.0,31677638.0,2.64,0.0261,0.034,-0.943,균형 상권 (Balanced),12955.0,2178.0,2836370.0,34.0,0.0,433917253.0
11140650,신당5동,중구,37.56363458123807,127.0218674854035,2901572000.0,2679636419.0,221935581.0,8.28,0.0796,0.103,-0.822,균형 상권 (Balanced),10151.0,622.0,3224626.0,65.0,0.0,382417416.0
11140665,동화동,중구,37.560706894007495,127.01865228045584,1614787500.0,2408156867.0,-793369367.0,-32.95,-0.3997,-0.519,-0.863,소비 위축 지역 (Low Activity),9941.0,1303.0,3529983.0,47.0,2.0,562530704.0
11140670,황학동,중구,37.56853618353088,127.02085017986909,4258737000.0,5928065366.0,-1669328366.0,-28.16,-0.3307,-0.429,-0.403,소비 위축 지역 (Low Activity),12685.0,796.0,5682035.0,76.0,0.0,320745114.0
11140680,중림동,중구,37.55734276311024,126.96603581524248,2926759500.0,3397277766.0,-470518266.0,-13.85,-0.1491,-0.194,-0.629,균형 상권 (Balanced),12142.0,3863.0,1988531.0,77.0,0.0,368461445.0
11170510,후암동,용산구,37.54990381408421,126.98061483959788,2317493250.0,3067578476.0,-750085226.0,-24.45,-0.2804,-0.364,-0.325,균형 상권 (Balanced),16020.0,1885.0,3913435.0,80.0,0.0,292755194.0
11170520,용산2가동,용산구,37.537912160148856,126.98507593025204,145816282250.0,1720325258.0,144095956992.0,8376.09,4.4398,5.765,-0.77,골목 로컬 핫플레이스 (Niche Hotspot),8866.0,479.0,4744845.0,63.0,1.0,204859436.0
11170530,남영동,용산구,37.544028208171056,126.97482276913377,51285241000.0,11362146628.0,39923094372.0,351.37,1.5071,1.957,-0.327,골목 로컬 핫플레이스 (Niche Hotspot),6819.0,18490.0,1999106.0,147.0,3.0,398414266.0
11170555,청파동,용산구,37.54758518372214,126.9668436893749,3257262250.0,6477188889.0,-3219926639.0,-49.71,-0.6874,-0.893,0.292,소비 잠재력 상권 (High Potential),18842.0,3226.0,7375702.0,128.0,0.0,244172572.0
11170560,원효로1동,용산구,37.537493906721416,126.96655397782294,3018878750.0,4923294968.0,-1904416218.0,-38.68,-0.4891,-0.635,-0.076,소비 위축 지역 (Low Activity),16956.0,2961.0,4912044.0,94.0,0.0,423991122.0
11170570,원효로2동,용산구,37.53384903090399,126.95245827364532,1076695500.0,3255072701.0,-2178377201.0,-66.92,-1.1063,-1.436,-0.431,소비 위축 지역 (Low Activity),13626.0,3004.0,3646041.0,69.0,0.0,462855465.0
11170580,효창동,용산구,37.542808082601326,126.96093915346631,1025695750.0,2582844842.0,-1557149092.0,-60.29,-0.9235,-1.199,-0.633,소비 위축 지역 (Low Activity),10665.0,1419.0,3736844.0,66.0,2.0,342185373.0
11170590,용문동,용산구,37.537977894354526,126.95850901385698,1581457500.0,1409822737.0,171634763.0,12.17,0.1149,0.149,-0.794,균형 상권 (Balanced),11380.0,3079.0,2351714.0,54.0,0.0,323872688.0
11170625,한강로동,용산구,37.52912416764973,126.96859411957044,34729707000.0,40887015719.0,-6157308719.0,-15.06,-0.1632,-0.212,0.918,균형 상권 (Balanced),20977.0,58448.0,5702038.0,242.0,7.0,780899618.0
11170630,이촌1동,용산구,37.51517744414727,126.9717558041162,2913881250.0,11080647730.0,-8166766480.0,-73.7,-1.3357,-1.734,0.164,소비 잠재력 상권 (High Potential),24933.0,5907.0,4469922.0,102.0,0.0,1448413885.0
11170640,이촌2동,용산구,37.52285750115803,126.95420736020796,450698750.0,800641133.0,-349942383.0,-43.71,-0.5746,-0.746,-1.533,소비 위축 지역 (Low Activity),7870.0,2035.0,1477127.0,26.0,0.0,541443092.0
11170650,이태원1동,용산구,37.53336285660898,126.99324554325972,9433768000.0,6367753404.0,3066014596.0,48.15,0.393,0.51,-0.659,골목 로컬 핫플레이스 (Niche Hotspot),6015.0,18302.0,2472440.0,71.0,1.0,632786445.0
11170660,이태원2동,용산구,37.54176010616265,126.9920566827956,1960909000.0,3354703866.0,-1393794866.0,-41.55,-0.537,-0.697,-0.926,소비 위축 지역 (Low Activity),8657.0,875.0,2875978.0,60.0,0.0,436270648.0
11170685,한남동,용산구,37.5375255598216,127.00517078444392,11982016250.0,22928682864.0,-10946666614.0,-47.74,-0.649,-0.843,0.541,소비 잠재력 상권 (High Potential),17711.0,45554.0,4367253.0,171.0,2.0,1309674189.0
11170690,서빙고동,용산구,37.51963125792497,126.98891431424948,1759217500.0,2439237969.0,-680020469.0,-27.88,-0.3268,-0.424,-0.674,소비 위축 지역 (Low Activity),12443.0,10106.0,1710274.0,61.0,1.0,931218213.0
11170700,보광동,용산구,37.52688484537797,127.0009050415568,1195209750.0,2149366602.0,-954156852.0,-44.39,-0.5869,-0.762,-0.979,소비 위축 지역 (Low Activity),11134.0,254.0,2395791.0,70.0,0.0,751925365.0
11200520,왕십리2동,성동구,37.56145293830574,127.02772969813616,2220098500.0,1842697002.0,377401498.0,20.48,0.1863,0.242,-0.44,균형 상권 (Balanced),15974.0,1287.0,4487876.0,63.0,1.0,474130064.0
11200535,왕십리도선동,성동구,37.56684945211883,127.02959934343136,8196440250.0,10835482719.0,-2639042469.0,-24.36,-0.2791,-0.362,0.49,균형 상권 (Balanced),26181.0,3005.0,5487251.0,189.0,0.0,658527615.0
11200540,마장동,성동구,37.56741380833115,127.0406017762261,4723537000.0,7596123170.0,-2872586170.0,-37.82,-0.4751,-0.617,0.209,소비 잠재력 상권 (High Potential),21556.0,6924.0,4931273.0,111.0,1.0,313147656.0
11200550,사근동,성동구,37.55812278899823,127.04539545602,5728153750.0,5097245478.0,630908272.0,12.38,0.1167,0.152,-0.347,균형 상권 (Balanced),11936.0,438.0,4330812.0,128.0,2.0,170903029.0
11200560,행당1동,성동구,37.55909004189771,127.0361719656748,7753781750.0,8410665794.0,-656884044.0,-7.81,-0.0813,-0.106,0.02,균형 상권 (Balanced),13629.0,1709.0,6119464.0,130.0,4.0,483661187.0
11200570,행당2동,성동구,37.5566771867754,127.02965190700264,1737949250.0,1398962315.0,338986935.0,24.23,0.217,0.282,-0.913,균형 상권 (Balanced),22851.0,3.0,4522878.0,79.0,1.0,645518275.0
11200580,응봉동,성동구,37.55088267778024,127.0337236035604,496170250.0,1078950917.0,-582780667.0,-54.01,-0.7768,-1.009,-0.832,소비 위축 지역 (Low Activity),14940.0,542.0,2715983.0,56.0,1.0,269799393.0
11200590,금호1가동,성동구,37.55358784630584,127.02497673950828,1420875000.0,2015174418.0,-594299418.0,-29.49,-0.3494,-0.454,-0.4,소비 위축 지역 (Low Activity),14750.0,1732.0,3192809.0,88.0,1.0,308385556.0
11200615,금호2?3가동,성동구,37.5513993732278,127.01997401737138,2721913250.0,4144958760.0,-1423045510.0,-34.33,-0.4206,-0.546,-0.055,소비 위축 지역 (Low Activity),21946.0,244.0,5610458.0,135.0,0.0,365230604.0
11200620,금호4가동,성동구,37.54538892972044,127.02415926514722,3118017000.0,3310471492.0,-192454492.0,-5.81,-0.0599,-0.078,-0.673,균형 상권 (Balanced),14142.0,507.0,2617483.0,84.0,1.0,803074557.0
11200645,옥수동,성동구,37.540848569825286,127.02058221940472,3932126750.0,5101410681.0,-1169283931.0,-22.92,-0.2603,-0.338,0.037,균형 상권 (Balanced),25399.0,3197.0,2868578.0,129.0,2.0,884172349.0
11200650,성수1가1동,성동구,37.54078874107653,127.0422619717796,3258161500.0,3790469787.0,-532308287.0,-14.04,-0.1513,-0.196,-0.34,균형 상권 (Balanced),15394.0,3325.0,3118958.0,83.0,1.0,736732428.0
11200660,성수1가2동,성동구,37.5490143598074,127.0436472117351,20664076750.0,8274260303.0,12389816447.0,149.74,0.9152,1.188,-0.115,골목 로컬 핫플레이스 (Niche Hotspot),11932.0,8657.0,5555665.0,79.0,1.0,465824238.0
11200670,성수2가1동,성동구,37.53635043227752,127.05530502567484,8216624250.0,7463989370.0,752634880.0,10.08,0.0961,0.125,0.06,균형 상권 (Balanced),14544.0,7660.0,4927575.0,109.0,0.0,579181643.0
11200690,성수2가3동,성동구,37.54556632538986,127.05808421418728,18067198750.0,18990732650.0,-923533900.0,-4.86,-0.0499,-0.065,0.132,균형 상권 (Balanced),10021.0,31123.0,5780054.0,104.0,1.0,394279969.0
11200720,송정동,성동구,37.55150820919662,127.06697246477096,870841000.0,1296799583.0,-425958583.0,-32.85,-0.3982,-0.517,-1.011,소비 위축 지역 (Low Activity),9719.0,748.0,3214976.0,44.0,0.0,229184261.0
11200790,용답동,성동구,37.55891941552393,127.0574720957508,17048551500.0,4337256852.0,12711294648.0,293.07,1.3688,1.777,-0.491,골목 로컬 핫플레이스 (Niche Hotspot),11809.0,2556.0,3052308.0,82.0,2.0,255078831.0
11215710,화양동,광진구,37.54326926538935,127.07339229382966,19530988500.0,10115001564.0,9415986936.0,93.09,0.658,0.854,0.443,초과 달성 핫스팟 (Super-Hub),24821.0,872.0,8934240.0,167.0,2.0,148077507.0
11215730,군자동,광진구,37.5530449035526,127.0737074372354,6502511750.0,7659538266.0,-1157026516.0,-15.11,-0.1638,-0.213,0.135,균형 상권 (Balanced),19048.0,1002.0,6655412.0,135.0,0.0,206472588.0
11215740,중곡1동,광진구,37.56209737181454,127.07768909152678,5500819750.0,2328382719.0,3172437031.0,136.25,0.8597,1.116,-0.325,골목 로컬 핫플레이스 (Niche Hotspot),15218.0,3866.0,3616944.0,74.0,0.0,188044024.0
11215750,중곡2동,광진구,37.55891211949285,127.08457835917312,3941325750.0,5892948593.0,-1951622843.0,-33.12,-0.4022,-0.522,-0.017,소비 위축 지역 (Low Activity),20512.0,2251.0,4538698.0,104.0,2.0,185506401.0
11215760,중곡3동,광진구,37.5679148770036,127.08201907488169,2432698250.0,2963107483.0,-530409233.0,-17.9,-0.1972,-0.256,-0.337,균형 상권 (Balanced),15681.0,515.0,4598012.0,97.0,1.0,176263103.0
11215770,중곡4동,광진구,37.56387809623577,127.09449907328482,3838938250.0,4607288897.0,-768350647.0,-16.68,-0.1824,-0.237,0.263,균형 상권 (Balanced),27499.0,2743.0,6415960.0,105.0,0.0,170253171.0
11215780,능동,광진구,37.55058887039526,127.08178506993116,6094311250.0,1460960848.0,4633350402.0,317.14,1.4283,1.854,-1.019,골목 로컬 핫플레이스 (Niche Hotspot),11053.0,1414.0,2089426.0,47.0,1.0,203223348.0
11215810,광장동,광진구,37.54782272294704,127.10470862656273,6006645250.0,12692823733.0,-6686178483.0,-52.68,-0.7482,-0.971,0.622,소비 잠재력 상권 (High Potential),33964.0,8850.0,6227704.0,139.0,1.0,701037200.0
11215820,자양1동,광진구,37.53558814490071,127.08045622273272,6805857000.0,9012012776.0,-2206155776.0,-24.48,-0.2808,-0.365,0.436,균형 상권 (Balanced),21795.0,11952.0,7714602.0,106.0,0.0,208444504.0
11215830,자양2동,광진구,37.52909935606437,127.0827458629586,3912722000.0,3754742504.0,157979496.0,4.21,0.0412,0.054,0.055,균형 상권 (Balanced),23591.0,2506.0,5148039.0,95.0,0.0,266950759.0
11215840,자양3동,광진구,37.53136850519804,127.07101606905556,4905074750.0,6911354060.0,-2006279310.0,-29.03,-0.3429,-0.445,0.212,소비 잠재력 상권 (High Potential),27193.0,1753.0,6585016.0,105.0,0.0,503185054.0
11215847,자양4동,광진구,37.53375136428935,127.06361893678418,8709155250.0,5329894755.0,3379260495.0,63.4,0.491,0.638,0.051,초과 달성 핫스팟 (Super-Hub),19815.0,513.0,8723210.0,106.0,1.0,259534026.0
11215850,구의1동,광진구,37.5415038189961,127.08598440880375,4538727750.0,5478942452.0,-940214702.0,-17.16,-0.1883,-0.244,0.064,균형 상권 (Balanced),21448.0,3506.0,6794360.0,77.0,1.0,182840088.0
11215860,구의2동,광진구,37.5511016720589,127.09485639020176,4702124000.0,5043297070.0,-341173070.0,-6.76,-0.07,-0.091,0.171,균형 상권 (Balanced),25468.0,2960.0,4932355.0,112.0,1.0,218482807.0
11215870,구의3동,광진구,37.536956490128944,127.0942274848412,10048895000.0,9820313203.0,228581797.0,2.33,0.023,0.03,0.556,균형 상권 (Balanced),27836.0,11355.0,6256684.0,133.0,1.0,306329165.0
11230536,용신동,동대문구,37.57556132503958,127.03245552682628,13412273250.0,25687257055.0,-12274983805.0,-47.79,-0.6498,-0.844,1.341,소비 잠재력 상권 (High Potential),38362.0,18615.0,14066266.0,231.0,5.0,263764070.0
11230545,제기동,동대문구,37.58374995175625,127.03722548288243,11847453500.0,20104445990.0,-8256992490.0,-41.07,-0.5288,-0.687,0.987,소비 잠재력 상권 (High Potential),22962.0,3687.0,12002904.0,288.0,1.0,199334932.0
11230560,전농1동,동대문구,37.57922183565485,127.05095551957608,6775495750.0,5870793218.0,904702532.0,15.41,0.1433,0.186,0.456,균형 상권 (Balanced),32107.0,308.0,11256889.0,152.0,3.0,298148257.0
11230570,전농2동,동대문구,37.58069463875391,127.06112292051264,1684850000.0,3533778592.0,-1848928592.0,-52.32,-0.7407,-0.962,-0.487,소비 위축 지역 (Low Activity),17954.0,713.0,2324346.0,102.0,0.0,385704055.0
11230600,답십리1동,동대문구,37.571274662047024,127.05187832254228,4438254500.0,7408472854.0,-2970218354.0,-40.09,-0.5124,-0.665,0.322,소비 잠재력 상권 (High Potential),27834.0,1750.0,6871706.0,124.0,0.0,481259336.0
11230610,답십리2동,동대문구,37.570783745453,127.06103558265632,5236943750.0,5891990401.0,-655046651.0,-11.12,-0.1179,-0.153,0.298,균형 상권 (Balanced),27467.0,4714.0,5696556.0,108.0,0.0,367194404.0
11230650,장안1동,동대문구,37.566238618581984,127.06852502978792,12061304500.0,19921320615.0,-7860016115.0,-39.46,-0.5018,-0.652,0.974,소비 잠재력 상권 (High Potential),37191.0,10019.0,8856044.0,192.0,1.0,242312008.0
11230660,장안2동,동대문구,37.575642892297,127.07207692830464,10731766500.0,8507857783.0,2223908717.0,26.14,0.2322,0.302,0.718,균형 상권 (Balanced),32376.0,5320.0,7691080.0,168.0,0.0,269839336.0
11230705,청량리동,동대문구,37.58883777323814,127.04521030083602,4835031250.0,8920258852.0,-4085227602.0,-45.8,-0.6124,-0.795,0.266,소비 잠재력 상권 (High Potential),18688.0,2337.0,6101235.0,154.0,0.0,259040718.0
11230710,회기동,동대문구,37.593718569706766,127.05150891260784,10638964750.0,3792127688.0,6846837062.0,180.55,1.0316,1.339,-0.866,골목 로컬 핫플레이스 (Niche Hotspot),10313.0,51.0,4533961.0,84.0,0.0,195644398.0
11230720,휘경1동,동대문구,37.59195627228879,127.06260410145012,3917140000.0,3443421735.0,473718265.0,13.76,0.1289,0.167,-0.34,균형 상권 (Balanced),13580.0,732.0,5815783.0,82.0,3.0,269364510.0
11230730,휘경2동,동대문구,37.58663866455317,127.06582643327616,2026408000.0,2630350680.0,-603942680.0,-22.96,-0.2609,-0.339,-0.17,균형 상권 (Balanced),24158.0,1097.0,4325199.0,84.0,0.0,240740232.0
11230740,이문1동,동대문구,37.59737235630449,127.06044581582486,3514724500.0,7337312419.0,-3822587919.0,-52.1,-0.736,-0.956,0.331,소비 잠재력 상권 (High Potential),17724.0,1106.0,10193823.0,147.0,1.0,241674717.0
11230750,이문2동,동대문구,37.60284654638693,127.06751673938784,1425951750.0,1472476397.0,-46524647.0,-3.16,-0.0321,-0.042,-0.62,균형 상권 (Balanced),19385.0,256.0,3384947.0,71.0,1.0,392500480.0
11260520,면목2동,중랑구,37.58928928012044,127.07784189317408,3371885250.0,2579071560.0,792813690.0,30.74,0.268,0.348,0.005,균형 상권 (Balanced),23580.0,737.0,5440291.0,112.0,0.0,169038566.0
11260540,면목4동,중랑구,37.5736157956914,127.08537607090588,1084213500.0,1633681998.0,-549468498.0,-33.63,-0.41,-0.532,-0.458,소비 위축 지역 (Low Activity),18121.0,768.0,4657417.0,61.0,1.0,193480097.0
11260550,면목5동,중랑구,37.582522137682346,127.0788764183158,2557723500.0,1354589560.0,1203133940.0,88.82,0.6356,0.825,-0.964,골목 로컬 핫플레이스 (Niche Hotspot),14564.0,962.0,2383048.0,42.0,0.0,161532570.0
11260565,면목본동,중랑구,37.58831704664329,127.08937831220662,4900168750.0,6714399589.0,-1814230839.0,-27.02,-0.315,-0.409,0.58,소비 잠재력 상권 (High Potential),32648.0,811.0,9810360.0,168.0,1.0,161046904.0
11260570,면목7동,중랑구,37.57714209472521,127.0927950997119,4413379500.0,4370037235.0,43342265.0,0.99,0.0099,0.013,-0.055,균형 상권 (Balanced),21190.0,509.0,6114124.0,108.0,0.0,206799710.0
11260575,면목3?8동,중랑구,37.58448970223218,127.09835186573734,4458498250.0,5430611398.0,-972113148.0,-17.9,-0.1972,-0.256,0.329,균형 상권 (Balanced),24375.0,1762.0,6242806.0,150.0,1.0,162903032.0
11260580,상봉1동,중랑구,37.601723750827205,127.08943964601414,5005702500.0,3176210237.0,1829492263.0,57.6,0.4549,0.591,-0.148,골목 로컬 핫플레이스 (Niche Hotspot),23195.0,1611.0,4635460.0,78.0,4.0,232552683.0
11260590,상봉2동,중랑구,37.59432158968162,127.08401828830524,9557685750.0,7619652202.0,1938033548.0,25.43,0.2266,0.294,0.338,균형 상권 (Balanced),20258.0,4607.0,6962485.0,127.0,1.0,164323561.0
11260600,중화1동,중랑구,37.60259335216246,127.08307633450134,1718457750.0,2888049225.0,-1169591475.0,-40.5,-0.5192,-0.674,-0.256,소비 위축 지역 (Low Activity),18698.0,1094.0,4844460.0,79.0,0.0,176084174.0
11260610,중화2동,중랑구,37.59918398617633,127.07503253581206,4052176500.0,5294996577.0,-1242820077.0,-23.47,-0.2675,-0.347,0.104,균형 상권 (Balanced),23768.0,361.0,7723290.0,123.0,3.0,173970731.0
11260620,묵1동,중랑구,37.61372996106673,127.08253374020212,5025719750.0,5463361213.0,-437641463.0,-8.01,-0.0835,-0.108,0.426,균형 상권 (Balanced),33661.0,1165.0,6986751.0,144.0,0.0,211861425.0
11260630,묵2동,중랑구,37.61082503349898,127.07462517776844,3795885750.0,4866448384.0,-1070562634.0,-22.0,-0.2484,-0.323,-0.151,균형 상권 (Balanced),18004.0,1255.0,5178414.0,92.0,1.0,179173771.0
11260655,망우본동,중랑구,37.60213219711104,127.107445930793,7087806750.0,13154973407.0,-6067166657.0,-46.12,-0.6184,-0.803,0.93,소비 잠재력 상권 (High Potential),36438.0,1426.0,11423050.0,238.0,2.0,184330011.0
11260660,망우3동,중랑구,37.59188302898037,127.10283411874144,1843035500.0,1615329966.0,227705534.0,14.1,0.1319,0.171,-0.795,균형 상권 (Balanced),15615.0,223.0,3964734.0,54.0,0.0,149287198.0
11260680,신내1동,중랑구,37.616473193912,127.11042279893698,5480448000.0,6042499814.0,-562051814.0,-9.3,-0.0976,-0.127,0.493,균형 상권 (Balanced),37757.0,2688.0,4955296.0,160.0,1.0,274216702.0
11260690,신내2동,중랑구,37.61098427331462,127.09159130020971,3832026000.0,3782728131.0,49297869.0,1.3,0.0129,0.017,-0.486,균형 상권 (Balanced),19675.0,1355.0,1695112.0,104.0,0.0,356325541.0
11290525,성북동,성북구,37.5966849155429,126.99413438628186,3720581500.0,10234361369.0,-6513779869.0,-63.65,-1.0119,-1.314,0.367,소비 잠재력 상권 (High Potential),15875.0,20512.0,4200586.0,166.0,0.0,313604379.0
11290555,삼선동,성북구,37.58655732942989,127.01170699375596,7285723250.0,12096325375.0,-4810602125.0,-39.77,-0.507,-0.658,0.655,소비 잠재력 상권 (High Potential),22125.0,4986.0,10101068.0,163.0,2.0,250711937.0
11290575,동선동,성북구,37.59364726779841,127.01851329837636,11231758750.0,9405177860.0,1826580890.0,19.42,0.1775,0.23,0.23,균형 상권 (Balanced),14977.0,2040.0,7729482.0,146.0,1.0,181189828.0
11290580,돈암1동,성북구,37.59975491807728,127.02440331435469,982803250.0,795145367.0,187657883.0,23.6,0.2119,0.275,-1.171,균형 상권 (Balanced),14260.0,228.0,2278468.0,42.0,0.0,335447080.0
11290590,돈암2동,성북구,37.59708092788348,127.01159540593008,902229750.0,2368329559.0,-1466099809.0,-61.9,-0.9651,-1.253,-0.42,소비 위축 지역 (Low Activity),23417.0,552.0,2782878.0,88.0,0.0,419147665.0
11290600,안암동,성북구,37.58772606240176,127.02721861973257,6788469250.0,11282918203.0,-4494448953.0,-39.83,-0.5081,-0.66,0.282,소비 잠재력 상권 (High Potential),14869.0,1916.0,7634962.0,167.0,1.0,192016146.0
11290610,보문동,성북구,37.58282624761276,127.01913329976148,3153472500.0,5714453562.0,-2560981062.0,-44.82,-0.5945,-0.772,-0.107,소비 위축 지역 (Low Activity),16145.0,4757.0,5282002.0,77.0,2.0,253619175.0
11290620,정릉1동,성북구,37.60327909170645,127.01698686701162,1614035750.0,1517473611.0,96562139.0,6.36,0.0617,0.08,-0.526,균형 상권 (Balanced),17732.0,489.0,4437721.0,63.0,0.0,282449873.0
11290630,정릉2동,성북구,37.60367644346763,127.00850480334412,3786725000.0,4381389358.0,-594664358.0,-13.57,-0.1459,-0.189,0.04,균형 상권 (Balanced),22510.0,1084.0,5622648.0,110.0,1.0,172918375.0
11290640,정릉3동,성북구,37.61210087867798,126.9945862123328,2218703250.0,2297925865.0,-79222615.0,-3.45,-0.0351,-0.046,-0.521,균형 상권 (Balanced),14934.0,281.0,2677772.0,124.0,0.0,137578168.0
11290650,정릉4동,성북구,37.6239488858616,126.99490252916794,3593458000.0,5014062495.0,-1420604495.0,-28.33,-0.3331,-0.433,-0.051,소비 위축 지역 (Low Activity),24009.0,1020.0,3357451.0,133.0,1.0,191431798.0
11290660,길음1동,성북구,37.608225098062775,127.01974004643084,4598410000.0,7573431446.0,-2975021446.0,-39.28,-0.4989,-0.648,0.485,소비 잠재력 상권 (High Potential),34792.0,3772.0,6217287.0,129.0,1.0,555071069.0
11290685,길음2동,성북구,37.60828669338947,127.02715815844054,5900544500.0,2564459426.0,3336085074.0,130.09,0.8333,1.082,-0.174,골목 로컬 핫플레이스 (Niche Hotspot),21666.0,303.0,4976709.0,112.0,0.0,503395171.0
11290705,종암동,성북구,37.59743703440874,127.03386916402484,6951724750.0,11241743525.0,-4290018775.0,-38.16,-0.4806,-0.624,1.129,소비 잠재력 상권 (High Potential),37648.0,17974.0,10952724.0,189.0,0.0,262472736.0
11290715,월곡1동,성북구,37.60783366466426,127.03654664097247,2820820250.0,5650663993.0,-2829843743.0,-50.08,-0.6947,-0.902,0.256,소비 잠재력 상권 (High Potential),25580.0,1348.0,8189934.0,108.0,0.0,327301568.0
11290725,월곡2동,성북구,37.60322653240499,127.0454002002377,5816435500.0,8819525127.0,-3003089627.0,-34.05,-0.4163,-0.54,0.299,소비 잠재력 상권 (High Potential),18900.0,4503.0,6289909.0,135.0,2.0,258710010.0
11290760,장위1동,성북구,37.61510185456549,127.0446598787933,1664034500.0,2866970932.0,-1202936432.0,-41.96,-0.544,-0.706,-0.046,소비 위축 지역 (Low Activity),23354.0,394.0,6552491.0,103.0,0.0,155488309.0
11290770,장위2동,성북구,37.612350879105215,127.05189551729268,2295591750.0,3854325580.0,-1558733830.0,-40.44,-0.5182,-0.673,-0.353,소비 위축 지역 (Low Activity),13080.0,608.0,5577223.0,89.0,1.0,179903942.0
11290780,장위3동,성북구,37.618260668448144,127.05345140283232,1525154000.0,1531372675.0,-6218675.0,-0.41,-0.0041,-0.005,-0.589,균형 상권 (Balanced),15519.0,275.0,3703049.0,82.0,0.0,326278598.0
11290810,석관동,성북구,37.60827386641208,127.06136066360747,6260089250.0,8211723721.0,-1951634471.0,-23.77,-0.2714,-0.352,0.649,균형 상권 (Balanced),33768.0,1564.0,10243020.0,154.0,2.0,200562779.0
11305534,삼양동,강북구,37.623803893509766,127.01492989664489,3511321250.0,4574360057.0,-1063038807.0,-23.24,-0.2645,-0.343,0.231,균형 상권 (Balanced),22402.0,115.0,11149774.0,165.0,3.0,154930571.0
11305535,미아동,강북구,37.62864018743246,127.02638390140945,5718548000.0,6393916594.0,-675368594.0,-10.56,-0.1116,-0.145,0.199,균형 상권 (Balanced),20841.0,602.0,7761570.0,144.0,1.0,135422312.0
11305545,송중동,강북구,37.617673512388606,127.0329835271576,8787232250.0,6925376917.0,1861855333.0,26.88,0.2381,0.309,0.74,균형 상권 (Balanced),28576.0,998.0,11641666.0,212.0,0.0,173873411.0
11305555,송천동,강북구,37.61818905650258,127.02490771890918,4602172750.0,9070192896.0,-4468020146.0,-49.26,-0.6785,-0.881,0.404,소비 잠재력 상권 (High Potential),24748.0,388.0,10740467.0,164.0,1.0,191442343.0
11305575,삼각산동,강북구,37.61716340159416,127.01652563113764,2677963500.0,2525358819.0,152604681.0,6.04,0.0587,0.076,-0.205,균형 상권 (Balanced),30604.0,374.0,2999864.0,114.0,0.0,526437193.0
11305595,번1동,강북구,37.63755892469418,127.03061306222838,7402336000.0,6817709338.0,584626662.0,8.58,0.0823,0.107,0.178,균형 상권 (Balanced),17358.0,1944.0,6527570.0,136.0,0.0,128086833.0
11305603,번2동,강북구,37.62948494887264,127.0347446719472,1093011500.0,1688845564.0,-595834064.0,-35.28,-0.4351,-0.565,-0.541,소비 위축 지역 (Low Activity),14866.0,364.0,2747258.0,110.0,0.0,101304348.0
11305608,번3동,강북구,37.62368917919007,127.04218425533922,1848028500.0,2281121101.0,-433092601.0,-18.99,-0.2105,-0.273,-0.567,균형 상권 (Balanced),16356.0,262.0,3133814.0,95.0,0.0,229654462.0
11305615,수유1동,강북구,37.629732905721454,127.01001447423752,4851875000.0,5536468046.0,-684593046.0,-12.37,-0.132,-0.171,0.149,균형 상권 (Balanced),19842.0,944.0,5756902.0,153.0,1.0,125457938.0
11305625,수유2동,강북구,37.64541789161528,127.019364631901,2306310500.0,2428675919.0,-122365419.0,-5.04,-0.0517,-0.067,-0.131,균형 상권 (Balanced),20502.0,1314.0,5223599.0,85.0,1.0,139567075.0
11305635,수유3동,강북구,37.64049777793631,127.0234422357564,11215877250.0,11235747795.0,-19870545.0,-0.18,-0.0018,-0.002,0.55,균형 상권 (Balanced),22988.0,2732.0,9418944.0,158.0,1.0,125310129.0
11305645,우이동,강북구,37.66034876374321,127.00048732938124,3684482750.0,3036913939.0,647568811.0,21.32,0.1933,0.251,-0.005,균형 상권 (Balanced),19766.0,1810.0,3834374.0,132.0,3.0,144599549.0
11305660,인수동,강북구,37.63740066563136,127.00354621327511,2611875500.0,7641741346.0,-5029865846.0,-65.82,-1.0736,-1.394,0.641,소비 잠재력 상권 (High Potential),29069.0,2893.0,8105140.0,175.0,0.0,133012223.0
11320511,창1동,도봉구,37.647087273938055,127.0435459008094,3697629250.0,3158893778.0,538735472.0,17.05,0.1575,0.204,-0.244,균형 상권 (Balanced),23774.0,785.0,3516315.0,94.0,1.0,259467213.0
11320512,창2동,도봉구,37.642512582863006,127.0367675730778,3426495250.0,2596109425.0,830385825.0,31.99,0.2775,0.36,0.306,균형 상권 (Balanced),28172.0,1070.0,10733855.0,95.0,0.0,155108707.0
11320513,창3동,도봉구,37.63729423171835,127.0417274267324,1410860000.0,1473941592.0,-63081592.0,-4.28,-0.0437,-0.057,-0.713,균형 상권 (Balanced),13163.0,491.0,3485486.0,66.0,0.0,134179521.0
11320514,창4동,도봉구,37.65271546809183,127.0509150392998,3871428750.0,5427040135.0,-1555611385.0,-28.66,-0.3378,-0.439,0.07,소비 잠재력 상권 (High Potential),26168.0,1820.0,3586744.0,130.0,0.0,445354697.0
11320515,창5동,도봉구,37.655367583048815,127.04279145964306,6483958500.0,6216581143.0,267377357.0,4.3,0.0421,0.055,0.137,균형 상권 (Balanced),23884.0,4983.0,3776962.0,119.0,2.0,240547350.0
11320521,도봉1동,도봉구,37.68532087610572,127.02680076230416,4931265750.0,3715511136.0,1215754614.0,32.72,0.2831,0.368,-0.082,균형 상권 (Balanced),20030.0,1435.0,3707496.0,122.0,0.0,107137629.0
11320522,도봉2동,도봉구,37.681250862632965,127.04770365637532,2744876500.0,4167577748.0,-1422701248.0,-34.14,-0.4176,-0.542,-0.071,소비 위축 지역 (Low Activity),25990.0,1070.0,3081512.0,127.0,3.0,251620881.0
11320660,쌍문1동,도봉구,37.65306721503059,127.01951393584568,1887701000.0,3114197855.0,-1226496855.0,-39.38,-0.5006,-0.65,-0.037,소비 위축 지역 (Low Activity),20484.0,872.0,4582060.0,126.0,0.0,142247864.0
11320670,쌍문2동,도봉구,37.65710846171442,127.03692209518748,4434894000.0,2867719663.0,1567174337.0,54.65,0.436,0.566,-0.297,골목 로컬 핫플레이스 (Niche Hotspot),17905.0,851.0,4362104.0,87.0,0.0,136819848.0
11320680,쌍문3동,도봉구,37.64765896613047,127.03058321327217,3134999000.0,4243312269.0,-1108313269.0,-26.12,-0.3027,-0.393,-0.274,균형 상권 (Balanced),16449.0,1058.0,5397132.0,78.0,1.0,148931274.0
11320681,쌍문4동,도봉구,37.65542548189623,127.03041641107438,1746173500.0,1069539264.0,676634236.0,63.26,0.4902,0.636,-0.832,골목 로컬 핫플레이스 (Niche Hotspot),18061.0,265.0,2391936.0,64.0,0.0,226052436.0
11320690,방학1동,도봉구,37.665043874150136,127.0434770512704,9318537000.0,9902565152.0,-584028152.0,-5.9,-0.0608,-0.079,0.486,균형 상권 (Balanced),27745.0,3898.0,6462038.0,148.0,1.0,194926966.0
11320700,방학2동,도봉구,37.66918285777328,127.03268894171384,2596263000.0,1240611565.0,1355651435.0,109.27,0.7385,0.959,-0.722,골목 로컬 핫플레이스 (Niche Hotspot),18535.0,424.0,2653097.0,64.0,0.0,115891080.0
11320710,방학3동,도봉구,37.66319351247468,127.02356270788486,1812351750.0,3812822464.0,-2000470714.0,-52.47,-0.7437,-0.966,-0.109,소비 위축 지역 (Low Activity),26077.0,1090.0,3256079.0,112.0,0.0,252092055.0
11350560,월계1동,노원구,37.62188938530012,127.0582341631986,5396729000.0,5063436631.0,333292369.0,6.58,0.0637,0.083,0.124,균형 상권 (Balanced),20526.0,1264.0,4534764.0,159.0,0.0,174087257.0
11350570,월계2동,노원구,37.63397483256615,127.05129877305738,1863700750.0,1470327319.0,393373431.0,26.75,0.2371,0.308,-0.428,균형 상권 (Balanced),25485.0,29.0,3653399.0,136.0,1.0,314200953.0
11350580,월계3동,노원구,37.62441777008031,127.0647382826748,6836802000.0,2980833376.0,3855968624.0,129.36,0.8301,1.078,-0.397,골목 로컬 핫플레이스 (Niche Hotspot),28721.0,100.0,2402464.0,135.0,2.0,403325496.0
11350595,공릉1동,노원구,37.62421500596216,127.07255425519504,13771168500.0,15548538608.0,-1777370108.0,-11.43,-0.1214,-0.158,1.002,균형 상권 (Balanced),35959.0,6065.0,10197529.0,211.0,3.0,179781904.0
11350600,공릉2동,노원구,37.63162374762954,127.09431289674852,8535533500.0,13379690151.0,-4844156651.0,-36.21,-0.4495,-0.584,0.876,소비 잠재력 상권 (High Potential),41435.0,1031.0,8247482.0,271.0,1.0,298785366.0
11350611,하계1동,노원구,37.63851207605814,127.07507206853384,7383567500.0,4802030108.0,2581537392.0,53.76,0.4302,0.559,0.007,초과 달성 핫스팟 (Super-Hub),26128.0,994.0,3607974.0,133.0,0.0,319439476.0
11350612,하계2동,노원구,37.63504928301639,127.06496276368706,685059500.0,689107448.0,-4047948.0,-0.59,-0.0059,-0.008,-1.434,균형 상권 (Balanced),21306.0,0.0,2482761.0,67.0,1.0,430000223.0
11350619,중계본동,노원구,37.64863166312262,127.08601711008188,6470693500.0,3507149447.0,2963544053.0,84.5,0.6125,0.795,-0.213,골목 로컬 핫플레이스 (Niche Hotspot),23040.0,821.0,3816486.0,95.0,0.0,302852523.0
11350621,중계1동,노원구,37.650144641816766,127.0737013104592,4671801750.0,3777587469.0,894214281.0,23.67,0.2125,0.276,-0.176,균형 상권 (Balanced),26318.0,1184.0,3773250.0,85.0,0.0,588563712.0
11350624,중계4동,노원구,37.65936486322478,127.0825162344982,6471158750.0,4300837202.0,2170321548.0,50.46,0.4085,0.53,-0.436,골목 로컬 핫플레이스 (Niche Hotspot),19114.0,1196.0,2831816.0,81.0,0.0,296200668.0
11350625,중계2?3동,노원구,37.64343693097218,127.06589918224572,8900703500.0,4611692026.0,4289011474.0,93.0,0.6575,0.854,0.22,초과 달성 핫스팟 (Super-Hub),32502.0,1194.0,4332230.0,142.0,1.0,319511608.0
11350630,상계1동,노원구,37.683386860842326,127.06511826338296,9216686000.0,8348688683.0,867997317.0,10.4,0.0989,0.128,0.731,균형 상권 (Balanced),36834.0,3606.0,6781890.0,190.0,1.0,227647807.0
11350640,상계2동,노원구,37.65665367440116,127.0671007928886,19775217000.0,7658521482.0,12116695518.0,158.21,0.9486,1.232,0.522,초과 달성 핫스팟 (Super-Hub),19105.0,1731.0,10133742.0,182.0,2.0,214606401.0
11350665,상계3?4동,노원구,37.67577951652711,127.08422341168568,1433156500.0,4181226163.0,-2748069663.0,-65.72,-1.0707,-1.39,0.161,소비 잠재력 상권 (High Potential),27489.0,500.0,8335692.0,107.0,1.0,197056774.0
11350670,상계5동,노원구,37.66601318533668,127.06999941345408,2560583500.0,3532920333.0,-972336833.0,-27.52,-0.3219,-0.418,0.045,소비 잠재력 상권 (High Potential),22979.0,1381.0,5482254.0,105.0,1.0,146806589.0
11350695,상계6?7동,노원구,37.64866573181639,127.06010209231592,15481279000.0,21062416806.0,-5581137806.0,-26.5,-0.3079,-0.4,0.823,균형 상권 (Balanced),31400.0,4965.0,6258197.0,253.0,0.0,391339869.0
11350700,상계8동,노원구,37.666526368099404,127.05350866498593,1783933000.0,2408044938.0,-624111938.0,-25.92,-0.3,-0.39,-0.833,균형 상권 (Balanced),21848.0,561.0,982330.0,92.0,1.0,334857306.0
11350710,상계9동,노원구,37.6676032920724,127.06218021049642,1889283750.0,3047411638.0,-1158127888.0,-38.0,-0.4781,-0.621,-0.641,소비 위축 지역 (Low Activity),19664.0,1074.0,1777642.0,78.0,0.0,354541080.0
11350720,상계10동,노원구,37.65972164663479,127.05838836607508,1052574750.0,959233512.0,93341238.0,9.73,0.0929,0.121,-0.862,균형 상권 (Balanced),18184.0,413.0,1913035.0,64.0,0.0,427110577.0
11380510,녹번동,은평구,37.605307427951566,126.93457613990928,5272473000.0,7614311019.0,-2341838019.0,-30.76,-0.3675,-0.477,0.596,소비 잠재력 상권 (High Potential),36092.0,4336.0,6369595.0,148.0,2.0,194168619.0
11380520,불광1동,은평구,37.616869307390246,126.93865492691032,7061843000.0,8890288230.0,-1828445230.0,-20.57,-0.2303,-0.299,0.575,균형 상권 (Balanced),37509.0,1769.0,5331185.0,198.0,3.0,213958560.0
11380530,불광2동,은평구,37.62427884144315,126.92870306420276,5027513750.0,3548459502.0,1479054248.0,41.68,0.3484,0.452,0.199,균형 상권 (Balanced),26600.0,2497.0,5293673.0,113.0,0.0,142334183.0
11380551,갈현1동,은평구,37.62519759123378,126.91473488632758,5625848000.0,6040456997.0,-414608997.0,-6.86,-0.0711,-0.092,0.036,균형 상권 (Balanced),14470.0,2238.0,5350504.0,133.0,2.0,208463816.0
11380552,갈현2동,은평구,37.61797901394687,126.91245511588517,6373850750.0,4623685528.0,1750165222.0,37.85,0.321,0.417,0.311,균형 상권 (Balanced),27415.0,3191.0,5774351.0,121.0,1.0,153952135.0
11380560,구산동,은평구,37.611064504480815,126.90731000319286,2718652250.0,2878118962.0,-159466712.0,-5.54,-0.057,-0.074,0.302,균형 상권 (Balanced),31429.0,1973.0,5413256.0,127.0,0.0,151231930.0
11380570,대조동,은평구,37.61225618022568,126.92315350861104,8234430000.0,13522306718.0,-5287876718.0,-39.1,-0.496,-0.644,0.826,소비 잠재력 상권 (High Potential),27359.0,1871.0,12893379.0,205.0,0.0,149585430.0
11380580,응암1동,은평구,37.59834737843492,126.92706321251218,6513861750.0,7517274916.0,-1003413166.0,-13.35,-0.1433,-0.186,0.341,균형 상권 (Balanced),32659.0,2298.0,5168039.0,133.0,0.0,167372789.0
11380590,응암2동,은평구,37.59209184653542,126.92289117509014,1731551500.0,2432687450.0,-701135950.0,-28.82,-0.34,-0.441,-0.233,소비 위축 지역 (Low Activity),27329.0,481.0,3843262.0,91.0,0.0,279039358.0
11380600,응암3동,은평구,37.588925754519096,126.91755026855203,8461424250.0,6740462919.0,1720961331.0,25.53,0.2274,0.295,0.328,균형 상권 (Balanced),23429.0,1446.0,7669972.0,138.0,0.0,132152795.0
11380625,역촌동,은평구,37.60457388799247,126.91462253445144,7106540000.0,10894501526.0,-3787961526.0,-34.77,-0.4272,-0.555,0.954,소비 잠재력 상권 (High Potential),43767.0,3452.0,11259391.0,176.0,0.0,155478218.0
11380631,신사1동,은평구,37.59913633076466,126.90850249307356,4515160500.0,2444325400.0,2070835100.0,84.72,0.6137,0.797,0.079,초과 달성 핫스팟 (Super-Hub),26462.0,1400.0,5963699.0,94.0,1.0,162425905.0
11380632,신사2동,은평구,37.5928546153916,126.90620029351606,1426609500.0,1545521034.0,-118911534.0,-7.69,-0.0801,-0.104,-0.502,균형 상권 (Balanced),18907.0,863.0,2643609.0,82.0,1.0,156384400.0
11380640,증산동,은평구,37.58413280264272,126.90593951784857,2256348500.0,2157456801.0,98891699.0,4.58,0.0448,0.058,-0.367,균형 상권 (Balanced),18240.0,1939.0,2935481.0,83.0,1.0,264412580.0
11380650,수색동,은평구,37.58559178366748,126.89453653524302,884228000.0,1733109254.0,-848881254.0,-48.98,-0.673,-0.874,-0.836,소비 위축 지역 (Low Activity),20440.0,176.0,2587830.0,60.0,1.0,285969087.0
11380690,진관동,은평구,37.63968184534141,126.93782040730471,18381749000.0,12454156788.0,5927592212.0,47.6,0.3893,0.505,0.865,초과 달성 핫스팟 (Super-Hub),54368.0,1216.0,6731114.0,242.0,1.0,532753479.0
11410520,천연동,서대문구,37.57132315392149,126.95665672530488,2603649750.0,3253723929.0,-650074179.0,-19.98,-0.2229,-0.289,-0.213,균형 상권 (Balanced),16547.0,1130.0,3295904.0,127.0,0.0,397400487.0
11410555,북아현동,서대문구,37.55929424518772,126.95502259620308,2325119500.0,5908845949.0,-3583726449.0,-60.65,-0.9327,-1.211,0.24,소비 잠재력 상권 (High Potential),15401.0,918.0,22888194.0,76.0,0.0,602036398.0
11410565,충현동,서대문구,37.5639445956383,126.95831351907644,4092127500.0,17161989018.0,-13069861518.0,-76.16,-1.4336,-1.861,0.802,소비 잠재력 상권 (High Potential),19682.0,11142.0,10903192.0,184.0,3.0,381899901.0
11410585,신촌동,서대문구,37.564072647477865,126.94157317998902,41497593000.0,26409570372.0,15088022628.0,57.13,0.4519,0.587,0.904,초과 달성 핫스팟 (Super-Hub),20135.0,1629.0,10491432.0,368.0,2.0,177165248.0
11410615,연희동,서대문구,37.572230995998346,126.9327939053264,53131519000.0,15307966635.0,37823552365.0,247.08,1.2444,1.616,0.944,초과 달성 핫스팟 (Super-Hub),33724.0,9207.0,8747067.0,201.0,0.0,207240534.0
11410620,홍제1동,서대문구,37.58340031222398,126.94432054000058,3482923000.0,5293494729.0,-1810571729.0,-34.2,-0.4186,-0.544,0.24,소비 잠재력 상권 (High Potential),24704.0,1814.0,5567056.0,135.0,1.0,217602474.0
11410640,홍제3동,서대문구,37.59239548091941,126.95173035658188,4374198500.0,5007172463.0,-632973963.0,-12.64,-0.1351,-0.175,-0.175,균형 상권 (Balanced),17665.0,821.0,3694886.0,129.0,1.0,167360192.0
11410655,홍제2동,서대문구,37.584385976342816,126.95251672697694,1555637500.0,1188669409.0,366968091.0,30.87,0.2691,0.349,-1.025,균형 상권 (Balanced),13186.0,334.0,2198254.0,56.0,0.0,314983342.0
11410660,홍은1동,서대문구,37.60054737302956,126.9468896728921,1375357750.0,2288631199.0,-913273449.0,-39.9,-0.5092,-0.661,-0.111,소비 위축 지역 (Low Activity),22158.0,3106.0,3811727.0,86.0,0.0,233400398.0
11410685,홍은2동,서대문구,37.587169095847806,126.93213511532542,3676488750.0,4881578734.0,-1205089984.0,-24.69,-0.2835,-0.368,0.297,균형 상권 (Balanced),28505.0,1790.0,4478564.0,161.0,0.0,154661428.0
11410690,남가좌1동,서대문구,37.5718149913034,126.9162786769141,3092818750.0,3361896371.0,-269077621.0,-8.0,-0.0834,-0.108,-0.712,균형 상권 (Balanced),16699.0,1312.0,1288693.0,94.0,1.0,679160100.0
11410700,남가좌2동,서대문구,37.577927216905486,126.92134352287884,5550889000.0,5756630807.0,-205741807.0,-3.57,-0.0364,-0.047,0.199,균형 상권 (Balanced),29083.0,1052.0,6115268.0,117.0,0.0,227969844.0
11410710,북가좌1동,서대문구,37.57541288721553,126.90810135396327,1992303500.0,2139959455.0,-147655955.0,-6.9,-0.0715,-0.093,-0.756,균형 상권 (Balanced),17563.0,537.0,2582258.0,60.0,0.0,410754253.0
11410720,북가좌2동,서대문구,37.58117419706544,126.9133360002854,3829499750.0,5505935996.0,-1676436246.0,-30.45,-0.3631,-0.471,0.391,소비 잠재력 상권 (High Potential),30673.0,1071.0,9577080.0,115.0,0.0,167757926.0
11440555,아현동,마포구,37.55183308979032,126.95272977223212,6396546750.0,14325049712.0,-7928502962.0,-55.35,-0.8063,-1.047,0.611,소비 잠재력 상권 (High Potential),28335.0,5852.0,7831431.0,145.0,2.0,921140791.0
11440565,공덕동,마포구,37.549321278274334,126.95794822293418,5783877250.0,18905982845.0,-13122105595.0,-69.41,-1.1844,-1.538,1.035,소비 잠재력 상권 (High Potential),36426.0,9286.0,12437464.0,172.0,4.0,396354330.0
11440585,도화동,마포구,37.53864095643596,126.94910605233989,8352968250.0,11518684466.0,-3165716216.0,-27.48,-0.3214,-0.417,0.315,소비 잠재력 상권 (High Potential),20443.0,13155.0,3969814.0,144.0,1.0,517528938.0
11440590,용강동,마포구,37.54152999419625,126.94221311320156,7612605000.0,8949982349.0,-1337377349.0,-14.94,-0.1618,-0.21,0.247,균형 상권 (Balanced),21098.0,15056.0,5652901.0,90.0,1.0,497352990.0
11440600,대흥동,마포구,37.552053322483815,126.94152597994784,5931293500.0,14140081489.0,-8208787989.0,-58.05,-0.8688,-1.128,0.433,소비 잠재력 상권 (High Potential),14719.0,3405.0,7056837.0,209.0,3.0,290729719.0
11440610,염리동,마포구,37.54987575053771,126.94758200437364,69945671750.0,2409059797.0,67536611953.0,2803.44,3.3685,4.374,-0.358,골목 로컬 핫플레이스 (Niche Hotspot),16719.0,2245.0,5634695.0,52.0,0.0,314172668.0
11440630,신수동,마포구,37.54565270960968,126.9347980470556,2992317750.0,3160633317.0,-168315567.0,-5.33,-0.0547,-0.071,-0.062,균형 상권 (Balanced),22046.0,3516.0,4878932.0,76.0,0.0,385870186.0
11440655,서강동,마포구,37.54672873951285,126.92602719784018,5967361500.0,7891407599.0,-1924046099.0,-24.38,-0.2795,-0.363,0.423,균형 상권 (Balanced),24556.0,3223.0,6171295.0,156.0,2.0,361808135.0
11440660,서교동,마포구,37.55474432506864,126.92093784067974,60523846750.0,60774842602.0,-250995852.0,-0.41,-0.0041,-0.005,1.503,균형 상권 (Balanced),24037.0,25701.0,17272745.0,358.0,7.0,212792253.0
11440680,합정동,마포구,37.54696008575363,126.90896236646482,10028440250.0,6086964203.0,3941476047.0,64.75,0.4993,0.648,-0.0,골목 로컬 핫플레이스 (Niche Hotspot),16310.0,4480.0,4485020.0,109.0,0.0,226954603.0
11440690,망원1동,마포구,37.55362001265407,126.8997534996997,7918460250.0,5288255656.0,2630204594.0,49.74,0.4037,0.524,0.12,초과 달성 핫스팟 (Super-Hub),19151.0,3418.0,6750778.0,95.0,0.0,212810124.0
11440700,망원2동,마포구,37.55899031399904,126.90017638433788,3731910000.0,3396722906.0,335187094.0,9.87,0.0941,0.122,-0.028,균형 상권 (Balanced),17917.0,3947.0,5620800.0,83.0,0.0,204295370.0
11440710,연남동,마포구,37.563015878489466,126.92154029818884,8217474250.0,2423452440.0,5794021810.0,239.08,1.2211,1.585,-0.3,골목 로컬 핫플레이스 (Niche Hotspot),14202.0,3795.0,6489017.0,52.0,0.0,208713210.0
11440720,성산1동,마포구,37.56199991897573,126.91184156004186,5268894250.0,4380727012.0,888167238.0,20.27,0.1846,0.24,0.068,균형 상권 (Balanced),18543.0,5565.0,5936729.0,86.0,0.0,188218762.0
11440730,성산2동,마포구,37.56832613063574,126.90196369221974,8290737000.0,6723064550.0,1567672450.0,23.32,0.2096,0.272,0.529,균형 상권 (Balanced),38537.0,1511.0,6489677.0,158.0,2.0,254866913.0
11440740,상암동,마포구,37.57072942215392,126.87989855888374,13969417500.0,21745205626.0,-7775788126.0,-35.76,-0.4425,-0.575,0.87,소비 잠재력 상권 (High Potential),29662.0,16189.0,5268329.0,247.0,4.0,476838167.0
11470510,목1동,양천구,37.52752088177435,126.8744357571103,26294809250.0,20526774511.0,5768034739.0,28.1,0.2476,0.322,0.693,균형 상권 (Balanced),30276.0,16732.0,4570164.0,190.0,2.0,796337543.0
11470520,목2동,양천구,37.54363060277917,126.87428427264103,4535886000.0,5180815462.0,-644929462.0,-12.45,-0.1329,-0.173,0.268,균형 상권 (Balanced),28816.0,3311.0,6469868.0,97.0,1.0,188087838.0
11470530,목3동,양천구,37.54517069417376,126.86554590848546,6563182000.0,5701601390.0,861580610.0,15.11,0.1407,0.183,-0.048,균형 상권 (Balanced),21206.0,1687.0,4930660.0,96.0,0.0,184229085.0
11470540,목4동,양천구,37.53535139766359,126.86695519731316,5385742000.0,4516171719.0,869570281.0,19.25,0.1761,0.229,0.016,균형 상권 (Balanced),24428.0,2148.0,5545376.0,84.0,0.0,189827888.0
11470550,목5동,양천구,37.53605001799943,126.879886311553,13943764500.0,12667313122.0,1276451378.0,10.08,0.096,0.125,0.666,균형 상권 (Balanced),40702.0,15114.0,4744095.0,143.0,0.0,1342723822.0
11470560,신월1동,양천구,37.53126487272668,126.83449222083615,3954693250.0,3979942513.0,-25249263.0,-0.63,-0.0064,-0.008,-0.292,균형 상권 (Balanced),19365.0,2220.0,3901349.0,71.0,0.0,125505363.0
11470570,신월2동,양천구,37.52342414120445,126.846331090338,3001776500.0,2360083402.0,641693098.0,27.19,0.2405,0.312,-0.362,균형 상권 (Balanced),20779.0,1994.0,3533259.0,65.0,0.0,169126179.0
11470580,신월3동,양천구,37.5324441338088,126.82746371641082,2524096750.0,2374429221.0,149667529.0,6.3,0.0611,0.079,-0.651,균형 상권 (Balanced),14261.0,1178.0,2642979.0,70.0,0.0,114670938.0
11470590,신월4동,양천구,37.522154130799024,126.83985175060228,3385364250.0,2152561318.0,1232802932.0,57.27,0.4528,0.588,-0.541,골목 로컬 핫플레이스 (Niche Hotspot),17445.0,1153.0,3305207.0,63.0,0.0,168479350.0
11470600,신월5동,양천구,37.540898373457786,126.82943569861496,3439038000.0,1356879652.0,2082158348.0,153.45,0.93,1.208,-0.757,골목 로컬 핫플레이스 (Niche Hotspot),13979.0,1313.0,2767750.0,54.0,0.0,141762970.0
11470610,신월6동,양천구,37.515985373747085,126.84216114046096,2466963000.0,1317412643.0,1149550357.0,87.26,0.6273,0.815,-1.378,골목 로컬 핫플레이스 (Niche Hotspot),13867.0,597.0,885728.0,47.0,0.0,274722385.0
11470611,신월7동,양천구,37.51905079452027,126.83060531087266,2150100250.0,2325054882.0,-174954632.0,-7.52,-0.0782,-0.102,-0.523,균형 상권 (Balanced),18588.0,2610.0,2039472.0,74.0,0.0,100738599.0
11470620,신정1동,양천구,37.51890869706325,126.85966565751396,4279372000.0,5848491166.0,-1569119166.0,-26.83,-0.3124,-0.406,-0.016,소비 위축 지역 (Low Activity),19716.0,12831.0,3083216.0,94.0,0.0,857356012.0
11470630,신정2동,양천구,37.5194032286939,126.87478871746364,4251773250.0,3766928496.0,484844754.0,12.87,0.1211,0.157,-0.027,균형 상권 (Balanced),18773.0,14182.0,4363168.0,71.0,0.0,447255961.0
11470640,신정3동,양천구,37.51180329044341,126.8410954280885,5502103250.0,6118764004.0,-616660754.0,-10.08,-0.1062,-0.138,0.832,균형 상권 (Balanced),49523.0,2055.0,7200580.0,203.0,1.0,361746184.0
11470650,신정4동,양천구,37.525411479927584,126.85761717556312,10334753500.0,15322447863.0,-4987694363.0,-32.55,-0.3938,-0.511,0.838,소비 잠재력 상권 (High Potential),31687.0,6204.0,10718590.0,161.0,1.0,157597172.0
11470670,신정6동,양천구,37.515883893266725,126.86977235769862,2863491750.0,1130328627.0,1733163123.0,153.33,0.9295,1.207,-1.446,골목 로컬 핫플레이스 (Niche Hotspot),23959.0,0.0,1955787.0,72.0,0.0,1106384082.0
11470680,신정7동,양천구,37.50987831468797,126.86540565002164,4602008500.0,3054364878.0,1547643622.0,50.67,0.4099,0.532,-0.284,골목 로컬 핫플레이스 (Niche Hotspot),28275.0,349.0,2941767.0,107.0,1.0,582260300.0
11500510,염창동,강서구,37.55453902900823,126.8718101199864,6734162250.0,8064324514.0,-1330162264.0,-16.49,-0.1803,-0.234,0.681,균형 상권 (Balanced),41250.0,2625.0,8212814.0,147.0,2.0,416686264.0
11500520,등촌1동,강서구,37.55585862609211,126.85960771313442,5512758750.0,6539745699.0,-1026986949.0,-15.7,-0.1708,-0.222,0.154,균형 상권 (Balanced),24933.0,6016.0,4744457.0,95.0,0.0,234537129.0
11500530,등촌2동,강서구,37.54584002476165,126.86002255940238,2490131000.0,1937239305.0,552891695.0,28.54,0.2511,0.326,-0.38,균형 상권 (Balanced),19312.0,2781.0,3771358.0,58.0,0.0,218053706.0
11500535,등촌3동,강서구,37.56120284670086,126.84619694088194,8658098500.0,11129442046.0,-2471343546.0,-22.21,-0.2511,-0.326,0.797,균형 상권 (Balanced),29390.0,12234.0,7055015.0,184.0,0.0,342211620.0
11500540,화곡1동,강서구,37.533778492505945,126.8409243599755,11699839500.0,12279070090.0,-579230590.0,-4.72,-0.0483,-0.063,1.302,균형 상권 (Balanced),50743.0,3939.0,16361273.0,226.0,2.0,140481784.0
11500550,화곡2동,강서구,37.532264149877726,126.85437971009937,2412094250.0,1455907256.0,956186994.0,65.68,0.5049,0.656,-0.442,골목 로컬 핫플레이스 (Niche Hotspot),17041.0,1788.0,3627488.0,65.0,0.0,127620236.0
11500560,화곡3동,강서구,37.54399573251715,126.83430566241292,4512418750.0,4413004549.0,99414201.0,2.25,0.0223,0.029,-0.146,균형 상권 (Balanced),21093.0,2985.0,3651998.0,87.0,0.0,234116665.0
11500570,화곡4동,강서구,37.53608050018333,126.85859256040077,4554008500.0,4200113504.0,353894996.0,8.43,0.0809,0.105,-0.094,균형 상권 (Balanced),19720.0,2098.0,4121004.0,101.0,0.0,134309833.0
11500590,화곡본동,강서구,37.542635772107474,126.84811344518944,6017235750.0,3670557935.0,2346677815.0,63.93,0.4943,0.642,0.548,초과 달성 핫스팟 (Super-Hub),32956.0,2037.0,8066068.0,145.0,0.0,123876906.0
11500591,화곡6동,강서구,37.55172180034683,126.85122975169052,7676778750.0,7480863308.0,195915442.0,2.62,0.0259,0.034,0.324,균형 상권 (Balanced),24357.0,6872.0,5425530.0,118.0,0.0,170034732.0
11500593,화곡8동,강서구,37.53426633689339,126.84877532554384,4610469250.0,5214338917.0,-603869667.0,-11.58,-0.1231,-0.16,0.274,균형 상권 (Balanced),23468.0,1853.0,9922520.0,95.0,1.0,130703775.0
11500603,가양1동,강서구,37.57165686791526,126.83469719178288,80636917250.0,18839657961.0,61797259289.0,328.02,1.454,1.888,0.631,초과 달성 핫스팟 (Super-Hub),33880.0,5314.0,3084066.0,279.0,5.0,396996811.0
11500604,가양2동,강서구,37.56677233849349,126.85435783656128,3097589000.0,1184152937.0,1913436063.0,161.59,0.9616,1.249,-1.639,골목 로컬 핫플레이스 (Niche Hotspot),13460.0,0.0,2005234.0,75.0,1.0,317356775.0
11500605,가양3동,강서구,37.56079786970286,126.86111507604798,522134000.0,947827767.0,-425693767.0,-44.91,-0.5962,-0.774,-1.175,소비 위축 지역 (Low Activity),14189.0,265.0,1650212.0,52.0,1.0,336108207.0
11500611,발산1동,강서구,37.55050591840841,126.8252606243117,26042329500.0,18143248372.0,7899081128.0,43.54,0.3614,0.469,0.835,균형 상권 (Balanced),35643.0,6493.0,5419364.0,246.0,0.0,271140993.0
11500615,우장산동,강서구,37.550609421333775,126.8411262444883,7063471500.0,8518670198.0,-1455198698.0,-17.08,-0.1873,-0.243,0.693,균형 상권 (Balanced),43709.0,3048.0,6954644.0,158.0,1.0,319276578.0
11500620,공항동,강서구,37.55581753376041,126.79462340376412,7896721250.0,12582343192.0,-4685621942.0,-37.24,-0.4658,-0.605,0.567,소비 잠재력 상권 (High Potential),29436.0,5425.0,5393892.0,176.0,2.0,207503846.0
11500630,방화1동,강서구,37.56860431514873,126.81757781779172,7078545500.0,10118194835.0,-3039649335.0,-30.04,-0.3573,-0.464,0.848,소비 잠재력 상권 (High Potential),41828.0,4242.0,7151922.0,200.0,1.0,323331374.0
11500640,방화2동,강서구,37.58271016973055,126.80402559812032,9305667500.0,2915809241.0,6389858259.0,219.15,1.1605,1.507,0.012,초과 달성 핫스팟 (Super-Hub),22596.0,1301.0,4231856.0,124.0,5.0,195195964.0
11500641,방화3동,강서구,37.5821192354174,126.8175901318185,1738982500.0,2545976193.0,-806993693.0,-31.7,-0.3812,-0.495,-0.372,소비 위축 지역 (Low Activity),21991.0,2019.0,2381066.0,83.0,1.0,262029835.0
11530510,신도림동,구로구,37.51003138664776,126.882178799532,9823096000.0,10674521497.0,-851425497.0,-7.98,-0.0831,-0.108,0.753,균형 상권 (Balanced),35977.0,9248.0,6346224.0,168.0,3.0,636584154.0
11530520,구로1동,구로구,37.493139588613694,126.8753979707312,1883143500.0,815969742.0,1067173758.0,130.79,0.8363,1.086,-1.414,골목 로컬 핫플레이스 (Niche Hotspot),20519.0,0.0,1915796.0,88.0,0.0,399227070.0
11530530,구로2동,구로구,37.496874432896426,126.87991515923407,15106037500.0,22022718968.0,-6916681468.0,-31.41,-0.377,-0.489,0.805,소비 잠재력 상권 (High Potential),22380.0,10594.0,9021469.0,197.0,1.0,177466374.0
11530540,구로3동,구로구,37.48486929351596,126.89491572157203,1929141662750.0,27132532389.0,1902009130361.0,7010.07,4.2641,5.536,0.934,초과 달성 핫스팟 (Super-Hub),23287.0,62687.0,7289977.0,187.0,2.0,138758246.0
11530550,구로4동,구로구,37.49160463784752,126.89030405609384,5557349000.0,7137562080.0,-1580213080.0,-22.14,-0.2503,-0.325,0.212,균형 상권 (Balanced),18646.0,1298.0,7323244.0,139.0,0.0,114177005.0
11530560,구로5동,구로구,37.50199159469519,126.88854723628783,18675775500.0,11543236422.0,7132539078.0,61.79,0.4811,0.625,0.74,초과 달성 핫스팟 (Super-Hub),28952.0,12925.0,6887784.0,167.0,1.0,291594059.0
11530595,가리봉동,구로구,37.48269156337733,126.88805581858972,1426207500.0,1862709358.0,-436501858.0,-23.43,-0.267,-0.347,-0.845,균형 상권 (Balanced),8713.0,577.0,3067525.0,74.0,0.0,185911126.0
11530720,고척1동,구로구,37.50070413514469,126.8637031420373,7191826000.0,6467481236.0,724344764.0,11.2,0.1062,0.138,0.213,균형 상권 (Balanced),26314.0,2091.0,4671827.0,135.0,0.0,238203387.0
11530730,고척2동,구로구,37.50589068275934,126.85346961648176,3323490000.0,4808749265.0,-1485259265.0,-30.89,-0.3694,-0.48,0.185,소비 잠재력 상권 (High Potential),25749.0,1601.0,5183357.0,128.0,0.0,189698484.0
11530740,개봉1동,구로구,37.50000165460349,126.84912717835932,4815231750.0,7999477071.0,-3184245321.0,-39.81,-0.5076,-0.659,0.693,소비 잠재력 상권 (High Potential),33122.0,5014.0,7479452.0,163.0,1.0,170691909.0
11530750,개봉2동,구로구,37.4925685083559,126.85648091405729,3550366750.0,5560297807.0,-2009931057.0,-36.15,-0.4486,-0.582,0.253,소비 잠재력 상권 (High Potential),29724.0,7366.0,3727007.0,116.0,0.0,193683448.0
11530760,개봉3동,구로구,37.48653551692018,126.85221843930331,2914922250.0,3736799913.0,-821877663.0,-21.99,-0.2484,-0.323,-0.143,균형 상권 (Balanced),19544.0,2665.0,4501525.0,81.0,0.0,155760606.0
11530770,오류1동,구로구,37.49686537587967,126.84164727524184,3740669000.0,6314571414.0,-2573902414.0,-40.76,-0.5236,-0.68,0.107,소비 잠재력 상권 (High Potential),22559.0,3372.0,4055840.0,122.0,1.0,158478976.0
11530780,오류2동,구로구,37.485301131831626,126.83844926710196,4002496500.0,4840075670.0,-837579170.0,-17.31,-0.19,-0.247,0.5,균형 상권 (Balanced),37281.0,1024.0,4929268.0,209.0,1.0,244582574.0
11530790,수궁동,구로구,37.49843816768311,126.82601531115785,2618586500.0,3035851813.0,-417265313.0,-13.74,-0.1479,-0.192,-0.192,균형 상권 (Balanced),22707.0,1732.0,1735133.0,154.0,3.0,175786153.0
11530800,항동,구로구,37.481037633340605,126.82459717918115,1189314500.0,347586552.0,841727948.0,242.16,1.2301,1.597,-1.938,골목 로컬 핫플레이스 (Niche Hotspot),16335.0,0.0,950521.0,64.0,0.0,300065423.0
11545510,가산동,금천구,37.47665969748202,126.88379136072042,37414180500.0,42704308740.0,-5290128240.0,-12.39,-0.1323,-0.172,1.112,균형 상권 (Balanced),24622.0,106107.0,4910664.0,304.0,3.0,173249223.0
11545610,독산1동,금천구,37.46430607365215,126.89249163153224,9692464250.0,12573130995.0,-2880666745.0,-22.91,-0.2602,-0.338,0.918,균형 상권 (Balanced),45720.0,10617.0,5262178.0,217.0,0.0,245696062.0
11545620,독산2동,금천구,37.46394553258966,126.90273314117329,2723764500.0,2468926068.0,254838432.0,10.32,0.0982,0.128,-0.463,균형 상권 (Balanced),17737.0,1291.0,3164046.0,73.0,0.0,135091578.0
11545630,독산3동,금천구,37.47578633583591,126.90460578412556,4845415000.0,6180100764.0,-1334685764.0,-21.6,-0.2433,-0.316,0.119,균형 상권 (Balanced),23433.0,2738.0,4446276.0,119.0,0.0,158539229.0
11545640,독산4동,금천구,37.46917250828416,126.904094190848,1957512000.0,2637829202.0,-680317202.0,-25.79,-0.2983,-0.387,-0.55,균형 상권 (Balanced),14511.0,1147.0,3794157.0,64.0,0.0,143761339.0
11545670,시흥1동,금천구,37.45241042141484,126.90014866846398,10279740000.0,13932005756.0,-3652265756.0,-26.21,-0.304,-0.395,0.697,균형 상권 (Balanced),32115.0,4641.0,5348605.0,223.0,1.0,180948067.0
11545680,시흥2동,금천구,37.450902696208864,126.9198266936059,773709250.0,1228204715.0,-454495465.0,-37.0,-0.4621,-0.6,-0.707,소비 위축 지역 (Low Activity),20564.0,1037.0,1502203.0,76.0,0.0,275637280.0
11545690,시흥3동,금천구,37.44008033489764,126.90599582012102,1516157000.0,2518911005.0,-1002754005.0,-39.81,-0.5076,-0.659,-1.05,소비 위축 지역 (Low Activity),10153.0,1939.0,1234850.0,66.0,0.0,164661707.0
11545700,시흥4동,금천구,37.46006739908837,126.90930517370276,1319925250.0,1855259963.0,-535334713.0,-28.85,-0.3404,-0.442,-0.613,소비 위축 지역 (Low Activity),19366.0,1105.0,2126275.0,72.0,0.0,139154099.0
11545710,시흥5동,금천구,37.44746453361467,126.91236037124509,1893851500.0,2386770466.0,-492918966.0,-20.65,-0.2313,-0.3,-0.28,균형 상권 (Balanced),18167.0,961.0,3359840.0,106.0,0.0,158427139.0
11560515,영등포본동,영등포구,37.51367754120802,126.90953442700886,3983509000.0,3203599649.0,779909351.0,24.34,0.2179,0.283,0.135,균형 상권 (Balanced),20784.0,3360.0,6594966.0,94.0,1.0,265100867.0
11560535,영등포동,영등포구,37.52159586265854,126.90760179056504,31036591750.0,43228351691.0,-12191759941.0,-28.2,-0.3313,-0.43,1.273,소비 잠재력 상권 (High Potential),29839.0,14034.0,10700562.0,325.0,1.0,328420925.0
11560540,여의동,영등포구,37.528503008419,126.92846623759736,177357767500.0,139352207577.0,38005559923.0,27.27,0.2412,0.313,1.583,균형 상권 (Balanced),33346.0,250897.0,6452584.0,399.0,5.0,1400319048.0
11560550,당산1동,영등포구,37.523902480304685,126.8967841339902,6440189000.0,10409837878.0,-3969648878.0,-38.13,-0.4802,-0.623,0.459,소비 잠재력 상권 (High Potential),20951.0,8973.0,7117768.0,131.0,2.0,342612455.0
11560560,당산2동,영등포구,37.53410656554908,126.902370554983,8513383500.0,14735973733.0,-6222590233.0,-42.23,-0.5487,-0.712,1.024,소비 잠재력 상권 (High Potential),36667.0,15502.0,8867780.0,192.0,2.0,525836586.0
11560585,도림동,영등포구,37.50911124604306,126.90055953404418,2494800250.0,1610807803.0,883992447.0,54.88,0.4375,0.568,-0.422,골목 로컬 핫플레이스 (Niche Hotspot),17562.0,517.0,5399829.0,66.0,0.0,209452170.0
11560605,문래동,영등포구,37.51652713723463,126.89105938739388,1543124401750.0,23981428688.0,1519142973062.0,6334.66,4.1643,5.407,1.148,초과 달성 핫스팟 (Super-Hub),32022.0,65200.0,9179076.0,185.0,1.0,674800000.0
11560610,양평1동,영등포구,37.52546099340308,126.88671359553447,4198981750.0,5903846853.0,-1704865103.0,-28.88,-0.3408,-0.442,0.07,소비 잠재력 상권 (High Potential),18114.0,9722.0,5024077.0,87.0,1.0,314493630.0
11560620,양평2동,영등포구,37.543502676685975,126.8905901573037,13598673500.0,9955051719.0,3643621781.0,36.6,0.3119,0.405,0.384,균형 상권 (Balanced),22288.0,14874.0,4709422.0,131.0,1.0,261626373.0
11560630,신길1동,영등포구,37.51243234306483,126.91947815339368,4257152000.0,4422844294.0,-165692294.0,-3.75,-0.0382,-0.05,-0.079,균형 상권 (Balanced),19314.0,1933.0,5591582.0,85.0,2.0,217210138.0
11560650,신길3동,영등포구,37.50624131847006,126.90577720449866,3587059000.0,5554083745.0,-1967024745.0,-35.42,-0.4372,-0.568,-0.219,소비 위축 지역 (Low Activity),15950.0,382.0,6290338.0,102.0,0.0,374597267.0
11560660,신길4동,영등포구,37.50723791646705,126.91293521370748,970291500.0,1361384799.0,-391093299.0,-28.73,-0.3387,-0.44,-1.098,소비 위축 지역 (Low Activity),10315.0,703.0,2553788.0,43.0,0.0,247336978.0
11560670,신길5동,영등포구,37.50096121617549,126.90551242130992,1862373250.0,1127940771.0,734432479.0,65.11,0.5015,0.651,-0.847,골목 로컬 핫플레이스 (Niche Hotspot),9947.0,626.0,3021836.0,66.0,0.0,245273564.0
11560680,신길6동,영등포구,37.49902115324461,126.9134875775257,4876746000.0,4929354898.0,-52608898.0,-1.07,-0.0107,-0.014,0.137,균형 상권 (Balanced),19493.0,2010.0,5902214.0,123.0,1.0,326160022.0
11560690,신길7동,영등포구,37.50598124809876,126.91962080109202,2469924500.0,2923814194.0,-453889694.0,-15.52,-0.1687,-0.219,-0.25,균형 상권 (Balanced),19779.0,2276.0,3743258.0,78.0,1.0,580827492.0
11560700,대림1동,영등포구,37.493680848732666,126.90521627760396,5031827250.0,5264556690.0,-232729440.0,-4.42,-0.0452,-0.059,-0.387,균형 상권 (Balanced),13711.0,1366.0,4249978.0,81.0,0.0,262808629.0
11560710,대림2동,영등포구,37.48962244423952,126.90050622284808,4500190500.0,5210071477.0,-709880977.0,-13.63,-0.1465,-0.19,-0.256,균형 상권 (Balanced),11730.0,3597.0,4702365.0,86.0,0.0,170194855.0
11560720,대림3동,영등포구,37.49999916114727,126.89714500493702,7304024500.0,9350111360.0,-2046086860.0,-21.88,-0.247,-0.321,0.33,균형 상권 (Balanced),21488.0,4260.0,6667859.0,126.0,2.0,173627070.0
11590510,노량진1동,동작구,37.512232518146575,126.94895432734992,7064586000.0,9312535456.0,-2247949456.0,-24.14,-0.2763,-0.359,0.58,균형 상권 (Balanced),32005.0,2833.0,6132288.0,180.0,3.0,439684906.0
11590520,노량진2동,동작구,37.51095676265954,126.93781424178611,6556052000.0,5415421777.0,1140630223.0,21.06,0.1911,0.248,-0.581,균형 상권 (Balanced),10181.0,4249.0,2818621.0,72.0,0.0,450906395.0
11590530,상도1동,동작구,37.498385877158825,126.95332891920636,7939648500.0,10695278440.0,-2755629940.0,-25.76,-0.2979,-0.387,0.894,균형 상권 (Balanced),44464.0,3543.0,7963953.0,201.0,2.0,306390343.0
11590540,상도2동,동작구,37.5037057161782,126.94182382625156,4525365750.0,6171478615.0,-1646112865.0,-26.67,-0.3102,-0.403,0.21,소비 잠재력 상권 (High Potential),27084.0,1012.0,4796649.0,154.0,1.0,372760606.0
11590550,상도3동,동작구,37.497565150649656,126.93292872734752,4892594250.0,3939178797.0,953415453.0,24.2,0.2168,0.281,-0.009,균형 상권 (Balanced),23844.0,994.0,4671217.0,113.0,0.0,189244163.0
11590560,상도4동,동작구,37.49742513371454,126.94067522441908,2287731250.0,3420155684.0,-1132424434.0,-33.11,-0.4021,-0.522,0.1,소비 잠재력 상권 (High Potential),27609.0,940.0,5480433.0,112.0,0.0,174505848.0
11590605,흑석동,동작구,37.50542591563825,126.96223664344198,10536748250.0,7831082549.0,2705665701.0,34.55,0.2968,0.385,0.134,균형 상권 (Balanced),29907.0,91.0,5719313.0,195.0,1.0,684405949.0
11590620,사당1동,동작구,37.47978714539723,126.97751253465732,9210064500.0,9979892877.0,-769828377.0,-7.71,-0.0803,-0.104,0.329,균형 상권 (Balanced),22415.0,3853.0,6596044.0,126.0,2.0,219552192.0
11590630,사당2동,동작구,37.49719407571352,126.97482719240736,9134807250.0,8103757664.0,1031049586.0,12.72,0.1198,0.156,0.516,균형 상권 (Balanced),27151.0,1640.0,7356574.0,179.0,4.0,411815224.0
11590640,사당3동,동작구,37.48875075469879,126.97097424833213,2996795000.0,2891439251.0,105355749.0,3.64,0.0358,0.046,-0.072,균형 상권 (Balanced),23686.0,1114.0,5304719.0,88.0,1.0,310164712.0
11590650,사당4동,동작구,37.48054251560181,126.97076260910686,2366439750.0,2527588939.0,-161149189.0,-6.38,-0.0659,-0.086,-0.608,균형 상권 (Balanced),13771.0,892.0,3892506.0,62.0,0.0,225349572.0
11590651,사당5동,동작구,37.48580282784391,126.96496015994484,933393250.0,1481803882.0,-548410632.0,-37.01,-0.4622,-0.6,-0.602,소비 위축 지역 (Low Activity),14118.0,1558.0,3290596.0,61.0,0.0,236865044.0
11590660,대방동,동작구,37.506905705490965,126.92804576078878,6717771000.0,12629356757.0,-5911585757.0,-46.81,-0.6313,-0.82,0.873,소비 잠재력 상권 (High Potential),35620.0,7619.0,7453929.0,199.0,2.0,298699197.0
11590670,신대방1동,동작구,37.48998196011976,126.91067114142444,3465138250.0,3407833313.0,57304937.0,1.68,0.0167,0.022,-0.114,균형 상권 (Balanced),23282.0,3411.0,3660864.0,83.0,1.0,364550843.0
11590680,신대방2동,동작구,37.49455788435132,126.92169112647883,90739833250.0,9837274827.0,80902558423.0,822.41,2.2218,2.885,0.301,초과 달성 핫스팟 (Super-Hub),22684.0,11362.0,5169471.0,109.0,0.0,251765063.0
11620525,보라매동,관악구,37.490392972232215,126.9326411454976,13689772750.0,2455017179.0,11234755571.0,457.62,1.7185,2.231,-0.223,골목 로컬 핫플레이스 (Niche Hotspot),23092.0,1644.0,3531772.0,83.0,0.0,172943925.0
11620545,청림동,관악구,37.48955828055496,126.95948563044138,1157666000.0,1265333087.0,-107667087.0,-8.51,-0.0889,-0.115,-0.85,균형 상권 (Balanced),14726.0,512.0,3094562.0,50.0,0.0,385697578.0
11620565,성현동,관악구,37.48954607668512,126.95105032779048,1482555000.0,2189288270.0,-706733270.0,-32.28,-0.3898,-0.506,0.034,소비 잠재력 상권 (High Potential),28222.0,1347.0,4452317.0,104.0,0.0,298426271.0
11620575,행운동,관악구,37.48097203245596,126.9605530395309,6225734250.0,6299309938.0,-73575688.0,-1.17,-0.0117,-0.015,0.327,균형 상권 (Balanced),28758.0,2409.0,7008341.0,111.0,0.0,191099630.0
11620585,낙성대동,관악구,37.46769090763348,126.959847861211,8973104500.0,8411993630.0,561110870.0,6.67,0.0646,0.084,0.316,균형 상권 (Balanced),17211.0,5994.0,5849667.0,148.0,0.0,208911225.0
11620595,청룡동,관악구,37.47805593186479,126.94581200028097,8785066500.0,13650823725.0,-4865757225.0,-35.64,-0.4407,-0.572,0.82,소비 잠재력 상권 (High Potential),35627.0,5147.0,10863303.0,147.0,1.0,236901122.0
11620605,은천동,관악구,37.48700118580526,126.9420968434686,6476273500.0,2993042458.0,3483231042.0,116.38,0.7719,1.002,0.426,초과 달성 핫스팟 (Super-Hub),32359.0,1371.0,8429244.0,123.0,0.0,194533013.0
11620615,중앙동,관악구,37.48414887531802,126.95065811919062,5748066250.0,4863854988.0,884211262.0,18.18,0.167,0.217,-0.264,균형 상권 (Balanced),15126.0,1301.0,5199907.0,83.0,1.0,187439002.0
11620625,인헌동,관악구,37.46970252971936,126.96755638312828,4167052750.0,6459105204.0,-2292052454.0,-35.49,-0.4383,-0.569,0.135,소비 잠재력 상권 (High Potential),25385.0,1623.0,5938963.0,105.0,1.0,167112659.0
11620630,남현동,관악구,37.464109612444176,126.9777659090888,6116749250.0,3573128005.0,2543621245.0,71.19,0.5376,0.698,-0.242,골목 로컬 핫플레이스 (Niche Hotspot),17668.0,3701.0,4197880.0,70.0,0.0,279230984.0
11620645,서원동,관악구,37.4805994030561,126.93332829985852,12877976250.0,3442902042.0,9435074208.0,274.04,1.3192,1.713,0.034,초과 달성 핫스팟 (Super-Hub),22908.0,2303.0,5230081.0,94.0,0.0,141892270.0
11620655,신원동,관악구,37.479397081397735,126.92661369063258,2094468500.0,2033740122.0,60728378.0,2.99,0.0294,0.038,-0.519,균형 상권 (Balanced),17484.0,398.0,5946422.0,54.0,0.0,127885490.0
11620665,서림동,관악구,37.47286405812275,126.94149728796596,2440969750.0,1776953916.0,664015834.0,37.37,0.3175,0.412,-0.158,균형 상권 (Balanced),23319.0,1424.0,4991056.0,74.0,0.0,150101841.0
11620685,신사동,관악구,37.48582505042903,126.91862478687251,3717317750.0,4452090862.0,-734773112.0,-16.5,-0.1804,-0.234,0.104,균형 상권 (Balanced),21969.0,3137.0,7353544.0,79.0,0.0,179861474.0
11620695,신림동,관악구,37.48713708947788,126.92717147096998,8990413750.0,8970547962.0,19865788.0,0.22,0.0022,0.003,0.5,균형 상권 (Balanced),22622.0,1310.0,9837829.0,168.0,1.0,149769580.0
11620715,난향동,관악구,37.46150672535611,126.91852681304232,709280500.0,1038227321.0,-328946821.0,-31.68,-0.381,-0.495,-1.058,소비 위축 지역 (Low Activity),14726.0,344.0,1404005.0,68.0,0.0,265144367.0
11620725,조원동,관악구,37.48282539513199,126.90734428329348,6929023000.0,4322463535.0,2606559465.0,60.3,0.4719,0.613,0.161,초과 달성 핫스팟 (Super-Hub),19598.0,2688.0,7801836.0,96.0,0.0,180171868.0
11620735,대학동,관악구,37.45290991716115,126.94851999048208,7079716000.0,11720206622.0,-4640490622.0,-39.59,-0.5041,-0.654,0.515,소비 잠재력 상권 (High Potential),24237.0,590.0,6314902.0,283.0,0.0,190916533.0
11620745,삼성동,관악구,37.46084738317156,126.9300905593057,1857752500.0,2471647055.0,-613894555.0,-24.84,-0.2855,-0.371,-0.033,균형 상권 (Balanced),19970.0,880.0,6874649.0,94.0,0.0,217897987.0
11620765,미성동,관악구,37.475929758906666,126.91547002444884,3704530750.0,5745266519.0,-2040735769.0,-35.52,-0.4388,-0.57,0.312,소비 잠재력 상권 (High Potential),29526.0,2895.0,5282040.0,126.0,0.0,181369844.0
11620775,난곡동,관악구,37.47063574010427,126.92113955771757,2780029750.0,3132836103.0,-352806353.0,-11.26,-0.1195,-0.155,-0.0,균형 상권 (Balanced),25257.0,981.0,5650254.0,95.0,0.0,136234258.0
11650510,서초1동,서초구,37.48693257364956,127.02010383171128,10837663000.0,25314431548.0,-14476768548.0,-57.19,-0.8483,-1.101,0.877,소비 잠재력 상권 (High Potential),20154.0,47656.0,7560565.0,194.0,2.0,517775264.0
11650520,서초2동,서초구,37.48883211510916,127.0279063626298,173985827500.0,42359296431.0,131626531069.0,310.74,1.4128,1.834,1.016,초과 달성 핫스팟 (Super-Hub),24636.0,66239.0,6891907.0,217.0,2.0,728752470.0
11650530,서초3동,서초구,37.4855193230316,127.0094524672592,214675097750.0,68513011943.0,146162085807.0,213.33,1.1421,1.483,1.522,초과 달성 핫스팟 (Super-Hub),31862.0,51852.0,12117101.0,332.0,2.0,592793964.0
11650531,서초4동,서초구,37.498943048639326,127.019813022298,33974203250.0,34324964658.0,-350761408.0,-1.02,-0.0103,-0.013,1.091,균형 상권 (Balanced),30281.0,40288.0,6425272.0,257.0,0.0,1515744780.0
11650540,잠원동,서초구,37.51708125203908,127.01273679325406,9543454250.0,15217003479.0,-5673549229.0,-37.28,-0.4666,-0.606,0.606,소비 잠재력 상권 (High Potential),26800.0,14890.0,6638166.0,135.0,2.0,1005807544.0
11650550,반포본동,서초구,37.50421493946561,126.98755944235896,428839250.0,4115709015.0,-3686869765.0,-89.58,-2.2615,-2.936,-3.341,소비 위축 지역 (Low Activity),117.0,5670.0,500658.0,33.0,1.0,2672553922.0
11650560,반포1동,서초구,37.50552987327867,127.01676111796128,8847169500.0,12437482273.0,-3590312773.0,-28.87,-0.3406,-0.442,0.649,소비 잠재력 상권 (High Potential),33740.0,8508.0,6741513.0,140.0,1.0,783794215.0
11650570,반포2동,서초구,37.50722488308,126.99596231145485,2000837500.0,4363113590.0,-2362276090.0,-54.14,-0.7796,-1.012,-0.415,소비 위축 지역 (Low Activity),23322.0,4018.0,1872603.0,74.0,1.0,2447858537.0
11650580,반포3동,서초구,37.51232457119947,127.00398140914186,5271135500.0,8178514512.0,-2907379012.0,-35.55,-0.4393,-0.57,-0.026,소비 위축 지역 (Low Activity),23761.0,3009.0,3298705.0,109.0,0.0,1852605615.0
11650581,반포4동,서초구,37.49954833655945,127.00335874152437,29951960000.0,19458704892.0,10493255108.0,53.93,0.4313,0.56,0.508,초과 달성 핫스팟 (Super-Hub),18474.0,49942.0,5321048.0,130.0,3.0,790172163.0
11650590,방배본동,서초구,37.49505172455024,126.98773058570704,19375456000.0,10326200326.0,9049255674.0,87.63,0.6293,0.817,0.266,초과 달성 핫스팟 (Super-Hub),20401.0,20669.0,4663752.0,103.0,0.0,740666457.0
11650600,방배1동,서초구,37.48487992592322,126.99625748803622,6531537500.0,8368207206.0,-1836669706.0,-21.95,-0.2478,-0.322,0.131,균형 상권 (Balanced),16479.0,17162.0,4382247.0,102.0,1.0,432020432.0
11650610,방배2동,서초구,37.4653999687126,126.99344382591028,80463568000.0,5966515809.0,74497052191.0,1248.59,2.6016,3.378,0.215,초과 달성 핫스팟 (Super-Hub),18010.0,15603.0,4455619.0,114.0,1.0,528513471.0
11650620,방배3동,서초구,37.47437419914072,126.99791986162606,4509257500.0,6891634019.0,-2382376519.0,-34.57,-0.4242,-0.551,0.032,소비 잠재력 상권 (High Potential),15757.0,13530.0,3420072.0,112.0,0.0,685949227.0
11650621,방배4동,서초구,37.48983518493925,126.99097667124698,6605344750.0,16478928803.0,-9873584053.0,-59.92,-0.9142,-1.187,0.609,소비 잠재력 상권 (High Potential),22754.0,16097.0,6369376.0,156.0,1.0,576507140.0
11650651,양재1동,서초구,37.46949760980856,127.0224956870398,10705756500.0,27930996656.0,-17225240156.0,-61.67,-0.959,-1.245,1.276,소비 잠재력 상권 (High Potential),41970.0,24087.0,8531266.0,263.0,2.0,571532117.0
11650652,양재2동,서초구,37.45114628839233,127.04574888856544,10159962750.0,20517600291.0,-10357637541.0,-50.48,-0.7028,-0.913,0.598,소비 잠재력 상권 (High Potential),21157.0,33724.0,5673597.0,147.0,1.0,302331031.0
11650660,내곡동,서초구,37.45585534760794,127.07062814160918,2887232500.0,3680892858.0,-793660358.0,-21.56,-0.2429,-0.315,-0.272,균형 상권 (Balanced),17000.0,1371.0,1917116.0,161.0,1.0,892412998.0
11680510,신사동,강남구,37.52608123258473,127.02018221010984,38285137000.0,45030264232.0,-6745127232.0,-14.98,-0.1623,-0.211,0.795,균형 상권 (Balanced),15436.0,27674.0,6526451.0,260.0,1.0,1000774827.0
11680521,논현1동,강남구,37.51187116329984,127.02650109404792,39603820750.0,52390982516.0,-12787161766.0,-24.41,-0.2798,-0.363,1.195,균형 상권 (Balanced),20996.0,45242.0,9469499.0,300.0,3.0,409434418.0
11680531,논현2동,강남구,37.51523834181583,127.03620734636496,25363885500.0,47894206097.0,-22530320597.0,-47.04,-0.6357,-0.825,1.185,소비 잠재력 상권 (High Potential),20369.0,57007.0,11759136.0,240.0,1.0,559871538.0
11680545,압구정동,강남구,37.52975405970077,127.03431370176712,39323780000.0,67957756157.0,-28633976157.0,-42.13,-0.5471,-0.71,1.222,소비 잠재력 상권 (High Potential),26119.0,50479.0,7489979.0,313.0,2.0,1709243568.0
11680565,청담동,강남구,37.524396311018045,127.05046570173896,29891652750.0,58794920462.0,-28903267712.0,-49.16,-0.6765,-0.878,1.246,소비 잠재력 상권 (High Potential),24535.0,58171.0,8993511.0,288.0,3.0,1225412764.0
11680580,삼성1동,강남구,37.51530032427762,127.06079807607485,35944874250.0,48460190586.0,-12515316336.0,-25.83,-0.2988,-0.388,0.691,균형 상권 (Balanced),12134.0,189339.0,4847406.0,199.0,3.0,1078530686.0
11680590,삼성2동,강남구,37.51185505709333,127.04877195494672,15714014500.0,25428373851.0,-9714359351.0,-38.2,-0.4813,-0.625,1.103,소비 잠재력 상권 (High Potential),30579.0,70662.0,8830301.0,177.0,4.0,614869178.0
11680600,대치1동,강남구,37.49336170843875,127.05909540225716,11424314500.0,15355888943.0,-3931574443.0,-25.6,-0.2958,-0.384,0.409,균형 상권 (Balanced),23878.0,18463.0,4420531.0,130.0,0.0,2038380761.0
11680610,대치2동,강남구,37.50098976619122,127.06566069711208,25162143000.0,42143627664.0,-16981484664.0,-40.29,-0.5157,-0.67,1.202,소비 잠재력 상권 (High Potential),38212.0,102922.0,6504876.0,210.0,2.0,1087778286.0
11680630,대치4동,강남구,37.50156295622019,127.05475913388136,187605671250.0,27591859775.0,160013811475.0,579.93,1.9168,2.489,0.858,초과 달성 핫스팟 (Super-Hub),18614.0,43704.0,10354450.0,159.0,0.0,348340499.0
11680640,역삼1동,강남구,37.50084049923532,127.03549922946767,1334302837000.0,184877997733.0,1149424839267.0,621.72,1.9765,2.566,2.173,초과 달성 핫스팟 (Super-Hub),34082.0,202016.0,20357168.0,542.0,1.0,307439893.0
11680650,역삼2동,강남구,37.4984856759158,127.04489567185156,695465866750.0,33932268699.0,661533598051.0,1949.57,3.0202,3.921,1.315,초과 달성 핫스팟 (Super-Hub),36348.0,55876.0,12143429.0,195.0,0.0,689282358.0
11680655,도곡1동,강남구,37.48889136331354,127.04101152997734,34733474250.0,21926228276.0,12807245974.0,58.41,0.46,0.597,0.718,초과 달성 핫스팟 (Super-Hub),20005.0,32403.0,8588972.0,142.0,1.0,896100276.0
11680656,도곡2동,강남구,37.48549151388995,127.04901486736784,73175180500.0,21303492702.0,51871687798.0,243.49,1.234,1.602,0.631,초과 달성 핫스팟 (Super-Hub),32648.0,84833.0,3974314.0,118.0,3.0,1449913427.0
11680660,개포1동,강남구,37.47778161565642,127.06232784199904,381973500.0,1714599580.0,-1332626080.0,-77.72,-1.5016,-1.95,-1.191,소비 위축 지역 (Low Activity),6765.0,3433.0,2151110.0,38.0,0.0,1223110587.0
11680670,개포2동,강남구,37.48467061599813,127.06901579411922,2356962250.0,5805810512.0,-3448848262.0,-59.4,-0.9015,-1.17,0.27,소비 잠재력 상권 (High Potential),41708.0,8854.0,2167365.0,135.0,3.0,1193422232.0
11680690,개포4동,강남구,37.47533523897234,127.05340597354184,3470632750.0,6027686101.0,-2557053351.0,-42.42,-0.552,-0.717,0.111,소비 잠재력 상권 (High Potential),23151.0,7242.0,3373674.0,115.0,0.0,374558594.0
11680700,세곡동,강남구,37.47066106826317,127.10430698125876,5648855750.0,3716697262.0,1932158488.0,51.99,0.4186,0.544,0.266,초과 달성 핫스팟 (Super-Hub),45513.0,379.0,3456072.0,191.0,0.0,816718603.0
11680720,일원본동,강남구,37.48230888982903,127.08454846775312,4878761250.0,2195445484.0,2683315766.0,122.22,0.7985,1.037,-1.203,골목 로컬 핫플레이스 (Niche Hotspot),22796.0,0.0,2411609.0,103.0,1.0,1238926136.0
11680730,일원1동,강남구,37.49346892284447,127.08924254756424,2589582500.0,2768311293.0,-178728793.0,-6.46,-0.0667,-0.087,-0.585,균형 상권 (Balanced),14550.0,1822.0,2484766.0,74.0,0.0,353811956.0
11680740,일원2동,강남구,37.49628746986969,127.07883086584854,1274709500.0,1023612414.0,251097086.0,24.53,0.2194,0.285,-1.774,균형 상권 (Balanced),16833.0,0.0,1344457.0,66.0,1.0,1181049180.0
11680750,수서동,강남구,37.48691887050256,127.10014599671102,143281103500.0,6376873459.0,136904230041.0,2146.89,3.1121,4.041,-0.25,골목 로컬 핫플레이스 (Niche Hotspot),14026.0,19403.0,2240516.0,89.0,2.0,831470238.0
11710510,풍납1동,송파구,37.5384340752653,127.1146637991839,1624801500.0,1665772980.0,-40971480.0,-2.46,-0.0249,-0.032,-0.791,균형 상권 (Balanced),11750.0,651.0,4368252.0,48.0,0.0,248265751.0
11710520,풍납2동,송파구,37.530169019198894,127.10816850458949,5307911250.0,7112570465.0,-1804659215.0,-25.37,-0.2927,-0.38,-0.024,균형 상권 (Balanced),23552.0,475.0,5052167.0,125.0,1.0,312141913.0
11710531,거여1동,송파구,37.49475094645482,127.14186096238517,1844726750.0,1583508180.0,261218570.0,16.5,0.1527,0.198,-0.694,균형 상권 (Balanced),12011.0,2887.0,3397952.0,48.0,1.0,231659303.0
11710532,거여2동,송파구,37.492121108727815,127.14830141427724,3289898500.0,4141741981.0,-851843481.0,-20.57,-0.2303,-0.299,-0.241,균형 상권 (Balanced),23596.0,1556.0,3634468.0,78.0,0.0,406082098.0
11710540,마천1동,송파구,37.49531876462369,127.15600865243684,1366982250.0,2261058916.0,-894076666.0,-39.54,-0.5032,-0.653,-0.6,소비 위축 지역 (Low Activity),17982.0,586.0,2837670.0,73.0,1.0,366040463.0
11710550,마천2동,송파구,37.50053353499824,127.1506477111596,3854190250.0,4557198361.0,-703008111.0,-15.43,-0.1675,-0.218,-0.181,균형 상권 (Balanced),17575.0,1312.0,4772359.0,93.0,0.0,234997355.0
11710561,방이1동,송파구,37.50985547965046,127.12245820534145,5647215500.0,3646572516.0,2000642984.0,54.86,0.4374,0.568,-0.301,골목 로컬 핫플레이스 (Niche Hotspot),15091.0,5978.0,3434261.0,73.0,1.0,322265419.0
11710562,방이2동,송파구,37.51324281621255,127.1138900366646,146276318000.0,15706188659.0,130570129341.0,831.33,2.2314,2.897,0.799,초과 달성 핫스팟 (Super-Hub),26094.0,40697.0,6283370.0,164.0,1.0,239920799.0
11710566,오륜동,송파구,37.51742613125331,127.12883899753022,2493445500.0,4911888346.0,-2418442846.0,-49.24,-0.678,-0.88,-0.706,소비 위축 지역 (Low Activity),17799.0,15658.0,754766.0,74.0,3.0,1584508693.0
11710570,오금동,송파구,37.50400442081414,127.134018326619,6694243250.0,12683443011.0,-5989199761.0,-47.22,-0.639,-0.83,0.926,소비 잠재력 상권 (High Potential),37341.0,21434.0,9703115.0,134.0,3.0,293781847.0
11710580,송파1동,송파구,37.50718240617835,127.11036340656342,9500487750.0,8487788073.0,1012699677.0,11.93,0.1127,0.146,0.315,균형 상권 (Balanced),23353.0,10911.0,5745405.0,102.0,2.0,230387988.0
11710590,송파2동,송파구,37.50285118895995,127.11700695012968,3103971750.0,3608860459.0,-504888709.0,-13.99,-0.1507,-0.196,-0.28,균형 상권 (Balanced),18476.0,4268.0,2990355.0,79.0,0.0,431349742.0
11710600,석촌동,송파구,37.50272950941379,127.1025081499752,11098012250.0,14260475331.0,-3162463081.0,-22.18,-0.2507,-0.326,0.684,균형 상권 (Balanced),30682.0,9531.0,6634373.0,159.0,0.0,233692189.0
11710610,삼전동,송파구,37.50190031295666,127.09188763577404,7514172750.0,6364497382.0,1149675368.0,18.06,0.1661,0.216,0.389,균형 상권 (Balanced),29062.0,4352.0,6217630.0,118.0,1.0,206041603.0
11710620,가락본동,송파구,37.49701698536128,127.12165695132244,9498381250.0,19399128946.0,-9900747696.0,-51.04,-0.7141,-0.927,0.794,소비 잠재력 상권 (High Potential),25171.0,27617.0,8601248.0,144.0,0.0,306705931.0
11710631,가락1동,송파구,37.49519195414569,127.10827635341148,6401264000.0,4863262572.0,1538001428.0,31.62,0.2748,0.357,-0.602,균형 상권 (Balanced),27469.0,6121.0,760413.0,82.0,3.0,988708333.0
11710632,가락2동,송파구,37.49585396191582,127.13076957846668,6173321250.0,10897709604.0,-4724388354.0,-43.35,-0.5683,-0.738,0.547,소비 잠재력 상권 (High Potential),31181.0,6932.0,5850010.0,143.0,1.0,322360011.0
11710641,문정1동,송파구,37.488442895397405,127.1269008991108,3538175000.0,3729370480.0,-191195480.0,-5.13,-0.0526,-0.068,0.035,균형 상권 (Balanced),19502.0,23872.0,4239702.0,70.0,0.0,323269052.0
11710642,문정2동,송파구,37.48119785867748,127.11914395257529,21878650250.0,21601933889.0,276716361.0,1.28,0.0127,0.017,0.553,균형 상권 (Balanced),28782.0,78185.0,2811964.0,149.0,3.0,1320577273.0
11710646,장지동,송파구,37.48297775415758,127.13150466192288,3684000250.0,7483097951.0,-3799097701.0,-50.77,-0.7086,-0.92,0.513,소비 잠재력 상권 (High Potential),28473.0,3961.0,7479565.0,136.0,1.0,359665487.0
11710647,위례동,송파구,37.48121019018826,127.14070474690848,4272879250.0,871085699.0,3401793551.0,390.52,1.5903,2.065,-0.918,골목 로컬 핫플레이스 (Niche Hotspot),44857.0,0.0,3311511.0,84.0,0.0,775064459.0
11710650,잠실본동,송파구,37.505988713144895,127.08261855968016,18287796000.0,21107374947.0,-2819578947.0,-13.36,-0.1434,-0.186,0.846,균형 상권 (Balanced),27731.0,12201.0,8013729.0,192.0,1.0,234213241.0
11710670,잠실2동,송파구,37.51742470319823,127.07933949383688,3569480000.0,7089172944.0,-3519692944.0,-49.65,-0.6861,-0.891,-0.084,소비 위축 지역 (Low Activity),34909.0,4063.0,2229703.0,91.0,1.0,1593767032.0
11710680,잠실3동,송파구,37.51389983804155,127.09424373378847,9187960500.0,12082180018.0,-2894219518.0,-23.95,-0.2738,-0.356,0.439,균형 상권 (Balanced),33805.0,38665.0,3609732.0,103.0,0.0,1588357988.0
11710690,잠실4동,송파구,37.52069857640795,127.1091616067086,1758754000.0,4601506831.0,-2842752831.0,-61.78,-0.9618,-1.249,-0.386,소비 위축 지역 (Low Activity),21192.0,4438.0,2141928.0,74.0,2.0,1406654040.0
11710710,잠실6동,송파구,37.51977009676446,127.09946592122714,38860033000.0,25403580506.0,13456452494.0,52.97,0.4251,0.552,0.254,초과 달성 핫스팟 (Super-Hub),16514.0,83532.0,2323984.0,144.0,2.0,1372751586.0
11710720,잠실7동,송파구,37.50731897355745,127.07388865677532,467015750.0,650747732.0,-183731982.0,-28.23,-0.3318,-0.431,-2.652,소비 위축 지역 (Low Activity),9419.0,0.0,692662.0,30.0,2.0,1915929924.0
11740515,강일동,강동구,37.56354400949654,127.17428312632684,3405513000.0,4515585340.0,-1110072340.0,-24.58,-0.2821,-0.366,0.133,균형 상권 (Balanced),44257.0,143.0,3549464.0,187.0,3.0,564568969.0
11740520,상일동,강동구,37.55065532184495,127.16482638430624,3521577250.0,3598097433.0,-76520183.0,-2.13,-0.0215,-0.028,0.059,균형 상권 (Balanced),39307.0,1291.0,3427748.0,105.0,0.0,640637598.0
11740530,명일1동,강동구,37.55034679414935,127.14594969313026,7202034500.0,10182926074.0,-2980891574.0,-29.27,-0.3463,-0.45,0.334,소비 잠재력 상권 (High Potential),25279.0,3986.0,4656750.0,151.0,1.0,354738270.0
11740540,명일2동,강동구,37.54823687154235,127.15428564477769,7069911500.0,6812609350.0,257302150.0,3.78,0.0371,0.048,-0.338,균형 상권 (Balanced),17034.0,2834.0,2163065.0,107.0,0.0,606495793.0
11740550,고덕1동,강동구,37.56171109862591,127.15094058086898,1764856000.0,2005899114.0,-241043114.0,-12.02,-0.128,-0.166,-0.236,균형 상권 (Balanced),23932.0,845.0,3577852.0,92.0,1.0,636907618.0
11740560,고덕2동,강동구,37.56497604216885,127.16201692163284,2931695750.0,2441989588.0,489706162.0,20.05,0.1828,0.237,-0.503,균형 상권 (Balanced),22684.0,1176.0,2128055.0,78.0,1.0,566947021.0
11740570,암사1동,강동구,37.55184693432832,127.13459056861636,6634106500.0,4020757323.0,2613349177.0,65.0,0.5008,0.65,0.394,초과 달성 핫스팟 (Super-Hub),33825.0,3050.0,8585018.0,90.0,0.0,203840466.0
11740580,암사2동,강동구,37.55703058080124,127.12368975590157,2754903250.0,3307045279.0,-552142029.0,-16.7,-0.1827,-0.237,-0.729,균형 상권 (Balanced),14825.0,1552.0,2280352.0,61.0,1.0,308204454.0
11740590,암사3동,강동구,37.5611855898297,127.13863664336333,1704954750.0,605929858.0,1099024892.0,181.38,1.0345,1.343,-1.838,골목 로컬 핫플레이스 (Niche Hotspot),17136.0,0.0,1598118.0,50.0,0.0,508041003.0
11740600,천호1동,강동구,37.54632824439577,127.13855254398835,3269693500.0,4502708089.0,-1233014589.0,-27.38,-0.32,-0.415,0.3,소비 잠재력 상권 (High Potential),25942.0,1673.0,10348070.0,92.0,1.0,206416585.0
11740610,천호2동,강동구,37.544995001700855,127.12200645292198,64433565500.0,12372418701.0,52061146799.0,420.78,1.6502,2.143,0.88,초과 달성 핫스팟 (Super-Hub),32694.0,2893.0,10936914.0,203.0,0.0,217529985.0
11740620,천호3동,강동구,37.539693927057975,127.13330144701196,6277767250.0,6342516829.0,-64749579.0,-1.02,-0.0103,-0.013,0.241,균형 상권 (Balanced),25969.0,1173.0,7490891.0,115.0,0.0,234414070.0
11740640,성내1동,강동구,37.52869220538448,127.12554357971965,6103718250.0,7675074372.0,-1571356122.0,-20.47,-0.2291,-0.297,0.234,균형 상권 (Balanced),19392.0,13187.0,5562216.0,98.0,0.0,252319568.0
11740650,성내2동,강동구,37.534402234876005,127.12770283898251,7241474750.0,7076842483.0,164632267.0,2.33,0.023,0.03,0.289,균형 상권 (Balanced),23452.0,1852.0,8264630.0,113.0,3.0,202618082.0
11740660,성내3동,강동구,37.52834980622234,127.1337677263742,7995337000.0,9626543001.0,-1631206001.0,-16.94,-0.1857,-0.241,0.369,균형 상권 (Balanced),22433.0,3676.0,6705176.0,136.0,1.0,212466670.0
11740685,길동,강동구,37.53969697581689,127.14596287718912,12829243500.0,29134307738.0,-16305064238.0,-55.97,-0.8202,-1.065,1.442,소비 잠재력 상권 (High Potential),44395.0,9734.0,18248712.0,242.0,1.0,227597799.0
11740690,둔촌1동,강동구,37.52306221389546,127.14042130885898,20877750.0,31651646.0,-10773896.0,-34.04,-0.4161,-0.54,-6.736,소비 위축 지역 (Low Activity),16.0,0.0,27848.0,14.0,1.0,0.0
11740700,둔촌2동,강동구,37.531307071589495,127.14724759874731,4332535500.0,8136841375.0,-3804305875.0,-46.75,-0.6302,-0.818,0.322,소비 잠재력 상권 (High Potential),24228.0,2489.0,6701758.0,129.0,1.0,261960069.0
